1
3
2
6
3
9
4
12
5
15
6
18
7
21
8
24
9
27
10
30
11
33
12
36
13
39
14
42
15
45
16
48
17
51
18
54
19
57
20
60
21
63
22
66
23
69
24
72
25
75
26
78
27
81
28
84
29
87
30
90
31
93
32
96
33
99
34
102
35
105
36
108
37
111
38
114
39
117
40
120
41
123
42
126
43
129
44
132
45
135
46
138
47
141
48
144
49
147
50
150
51
153
52
156
53
159
54
162
55
165
56
168
57
171
58
174
59
177
60
180
61
183
62
186
63
189
64
192
65
195
66
198
67
201
68
204
69
207
70
210
71
213
72
216
73
219
74
222
75
225
76
228
77
231
78
234
79
237
80
240
81
243
82
246
83
249
84
252
85
255
86
258
87
261
88
264
89
267
90
270
91
273
92
276
93
279
94
282
95
285
96
288
97
291
98
294
99
297
100
300
101
303
102
306
103
309
104
312
105
315
106
318
107
321
108
324
109
327
110
330
111
333
112
336
113
339
114
342
115
345
116
348
117
351
118
354
119
357
120
360
121
363
122
366
123
369
124
372
125
375
126
378
127
381
128
384
129
387
130
390
131
393
132
396
133
399
134
402
135
405
136
408
137
411
138
414
139
417
140
420
141
423
142
426
143
429
144
432
145
435
146
438
147
441
148
444
149
447
150
450
151
453
152
456
153
459
154
462
155
465
156
468
157
471
158
474
159
477
160
480
161
483
162
486
163
489
164
492
165
495
166
498
167
501
168
504
169
507
170
510
171
513
172
516
173
519
174
522
175
525
176
528
177
531
178
534
179
537
180
540
181
543
182
546
183
549
184
552
185
555
186
558
187
561
188
564
189
567
190
570
191
573
192
576
193
579
194
582
195
585
196
588
197
591
198
594
199
597
200
600
201
603
202
606
203
609
204
612
205
615
206
618
207
621
208
624
209
627
210
630
211
633
212
636
213
639
214
642
215
645
216
648
217
651
218
654
219
657
220
660
221
663
222
666
223
669
224
672
225
675
226
678
227
681
228
684
229
687
230
690
231
693
232
696
233
699
234
702
235
705
236
708
237
711
238
714
239
717
240
720
241
723
242
726
243
729
244
732
245
735
246
738
247
741
248
744
249
747
250
750
251
753
252
756
253
759
254
762
255
765
256
768
257
771
258
774
259
777
260
780
261
783
262
786
263
789
264
792
265
795
266
798
267
801
268
804
269
807
270
810
271
813
272
816
273
819
274
822
275
825
276
828
277
831
278
834
279
837
280
840
281
843
282
846
283
849
284
852
285
855
286
858
287
861
288
864
289
867
290
870
291
873
292
876
293
879
294
882
295
885
296
888
297
891
298
894
299
897
300
900
301
903
302
906
303
909
304
912
305
915
306
918
307
921
308
924
309
927
310
930
311
933
312
936
313
939
314
942
315
945
316
948
317
951
318
954
319
957
320
960
321
963
322
966
323
969
324
972
325
975
326
978
327
981
328
984
329
987
330
990
331
993
332
996
333
999
334
1002
335
1005
336
1008
337
1011
338
1014
339
1017
340
1020
341
1023
342
1026
343
1029
344
1032
345
1035
346
1038
347
1041
348
1044
349
1047
350
1050
351
1053
352
1056
353
1059
354
1062
355
1065
356
1068
357
1071
358
1074
359
1077
360
1080
361
1083
362
1086
363
1089
364
1092
365
1095
366
1098
367
1101
368
1104
369
1107
370
1110
371
1113
372
1116
373
1119
374
1122
375
1125
376
1128
377
1131
378
1134
379
1137
380
1140
381
1143
382
1146
383
1149
384
1152
385
1155
386
1158
387
1161
388
1164
389
1167
390
1170
391
1173
392
1176
393
1179
394
1182
395
1185
396
1188
397
1191
398
1194
399
1197
400
1200
401
1203
402
1206
403
1209
404
1212
405
1215
406
1218
407
1221
408
1224
409
1227
410
1230
411
1233
412
1236
413
1239
414
1242
415
1245
416
1248
417
1251
418
1254
419
1257
420
1260
421
1263
422
1266
423
1269
424
1272
425
1275
426
1278
427
1281
428
1284
429
1287
430
1290
431
1293
432
1296
433
1299
434
1302
435
1305
436
1308
437
1311
438
1314
439
1317
440
1320
441
1323
442
1326
443
1329
444
1332
445
1335
446
1338
447
1341
448
1344
449
1347
450
1350
451
1353
452
1356
453
1359
454
1362
455
1365
456
1368
457
1371
458
1374
459
1377
460
1380
461
1383
462
1386
463
1389
464
1392
465
1395
466
1398
467
1401
468
1404
469
1407
470
1410
471
1413
472
1416
473
1419
474
1422
475
1425
476
1428
477
1431
478
1434
479
1437
480
1440
481
1443
482
1446
483
1449
484
1452
485
1455
486
1458
487
1461
488
1464
489
1467
490
1470
491
1473
492
1476
493
1479
494
1482
495
1485
496
1488
497
1491
498
1494
499
1497
500
1500
501
1503
502
1506
503
1509
504
1512
505
1515
506
1518
507
1521
508
1524
509
1527
510
1530
511
1533
512
1536
513
1539
514
1542
515
1545
516
1548
517
1551
518
1554
519
1557
520
1560
521
1563
522
1566
523
1569
524
1572
525
1575
526
1578
527
1581
528
1584
529
1587
530
1590
531
1593
532
1596
533
1599
534
1602
535
1605
536
1608
537
1611
538
1614
539
1617
540
1620
541
1623
542
1626
543
1629
544
1632
545
1635
546
1638
547
1641
548
1644
549
1647
550
1650
551
1653
552
1656
553
1659
554
1662
555
1665
556
1668
557
1671
558
1674
559
1677
560
1680
561
1683
562
1686
563
1689
564
1692
565
1695
566
1698
567
1701
568
1704
569
1707
570
1710
571
1713
572
1716
573
1719
574
1722
575
1725
576
1728
577
1731
578
1734
579
1737
580
1740
581
1743
582
1746
583
1749
584
1752
585
1755
586
1758
587
1761
588
1764
589
1767
590
1770
591
1773
592
1776
593
1779
594
1782
595
1785
596
1788
597
1791
598
1794
599
1797
600
1800
601
1803
602
1806
603
1809
604
1812
605
1815
606
1818
607
1821
608
1824
609
1827
610
1830
611
1833
612
1836
613
1839
614
1842
615
1845
616
1848
617
1851
618
1854
619
1857
620
1860
621
1863
622
1866
623
1869
624
1872
625
1875
626
1878
627
1881
628
1884
629
1887
630
1890
631
1893
632
1896
633
1899
634
1902
635
1905
636
1908
637
1911
638
1914
639
1917
640
1920
641
1923
642
1926
643
1929
644
1932
645
1935
646
1938
647
1941
648
1944
649
1947
650
1950
651
1953
652
1956
653
1959
654
1962
655
1965
656
1968
657
1971
658
1974
659
1977
660
1980
661
1983
662
1986
663
1989
664
1992
665
1995
666
1998
667
2001
668
2004
669
2007
670
2010
671
2013
672
2016
673
2019
674
2022
675
2025
676
2028
677
2031
678
2034
679
2037
680
2040
681
2043
682
2046
683
2049
684
2052
685
2055
686
2058
687
2061
688
2064
689
2067
690
2070
691
2073
692
2076
693
2079
694
2082
695
2085
696
2088
697
2091
698
2094
699
2097
700
2100
701
2103
702
2106
703
2109
704
2112
705
2115
706
2118
707
2121
708
2124
709
2127
710
2130
711
2133
712
2136
713
2139
714
2142
715
2145
716
2148
717
2151
718
2154
719
2157
720
2160
721
2163
722
2166
723
2169
724
2172
725
2175
726
2178
727
2181
728
2184
729
2187
730
2190
731
2193
732
2196
733
2199
734
2202
735
2205
736
2208
737
2211
738
2214
739
2217
740
2220
741
2223
742
2226
743
2229
744
2232
745
2235
746
2238
747
2241
748
2244
749
2247
750
2250
751
2253
752
2256
753
2259
754
2262
755
2265
756
2268
757
2271
758
2274
759
2277
760
2280
761
2283
762
2286
763
2289
764
2292
765
2295
766
2298
767
2301
768
2304
769
2307
770
2310
771
2313
772
2316
773
2319
774
2322
775
2325
776
2328
777
2331
778
2334
779
2337
780
2340
781
2343
782
2346
783
2349
784
2352
785
2355
786
2358
787
2361
788
2364
789
2367
790
2370
791
2373
792
2376
793
2379
794
2382
795
2385
796
2388
797
2391
798
2394
799
2397
800
2400
801
2403
802
2406
803
2409
804
2412
805
2415
806
2418
807
2421
808
2424
809
2427
810
2430
811
2433
812
2436
813
2439
814
2442
815
2445
816
2448
817
2451
818
2454
819
2457
820
2460
821
2463
822
2466
823
2469
824
2472
825
2475
826
2478
827
2481
828
2484
829
2487
830
2490
831
2493
832
2496
833
2499
834
2502
835
2505
836
2508
837
2511
838
2514
839
2517
840
2520
841
2523
842
2526
843
2529
844
2532
845
2535
846
2538
847
2541
848
2544
849
2547
850
2550
851
2553
852
2556
853
2559
854
2562
855
2565
856
2568
857
2571
858
2574
859
2577
860
2580
861
2583
862
2586
863
2589
864
2592
865
2595
866
2598
867
2601
868
2604
869
2607
870
2610
871
2613
872
2616
873
2619
874
2622
875
2625
876
2628
877
2631
878
2634
879
2637
880
2640
881
2643
882
2646
883
2649
884
2652
885
2655
886
2658
887
2661
888
2664
889
2667
890
2670
891
2673
892
2676
893
2679
894
2682
895
2685
896
2688
897
2691
898
2694
899
2697
900
2700
901
2703
902
2706
903
2709
904
2712
905
2715
906
2718
907
2721
908
2724
909
2727
910
2730
911
2733
912
2736
913
2739
914
2742
915
2745
916
2748
917
2751
918
2754
919
2757
920
2760
921
2763
922
2766
923
2769
924
2772
925
2775
926
2778
927
2781
928
2784
929
2787
930
2790
931
2793
932
2796
933
2799
934
2802
935
2805
936
2808
937
2811
938
2814
939
2817
940
2820
941
2823
942
2826
943
2829
944
2832
945
2835
946
2838
947
2841
948
2844
949
2847
950
2850
951
2853
952
2856
953
2859
954
2862
955
2865
956
2868
957
2871
958
2874
959
2877
960
2880
961
2883
962
2886
963
2889
964
2892
965
2895
966
2898
967
2901
968
2904
969
2907
970
2910
971
2913
972
2916
973
2919
974
2922
975
2925
976
2928
977
2931
978
2934
979
2937
980
2940
981
2943
982
2946
983
2949
984
2952
985
2955
986
2958
987
2961
988
2964
989
2967
990
2970
991
2973
992
2976
993
2979
994
2982
995
2985
996
2988
997
2991
998
2994
999
2997
1000
3000
1001
3003
1002
3006
1003
3009
1004
3012
1005
3015
1006
3018
1007
3021
1008
3024
1009
3027
1010
3030
1011
3033
1012
3036
1013
3039
1014
3042
1015
3045
1016
3048
1017
3051
1018
3054
1019
3057
1020
3060
1021
3063
1022
3066
1023
3069
1024
3072
1025
3075
1026
3078
1027
3081
1028
3084
1029
3087
1030
3090
1031
3093
1032
3096
1033
3099
1034
3102
1035
3105
1036
3108
1037
3111
1038
3114
1039
3117
1040
3120
1041
3123
1042
3126
1043
3129
1044
3132
1045
3135
1046
3138
1047
3141
1048
3144
1049
3147
1050
3150
1051
3153
1052
3156
1053
3159
1054
3162
1055
3165
1056
3168
1057
3171
1058
3174
1059
3177
1060
3180
1061
3183
1062
3186
1063
3189
1064
3192
1065
3195
1066
3198
1067
3201
1068
3204
1069
3207
1070
3210
1071
3213
1072
3216
1073
3219
1074
3222
1075
3225
1076
3228
1077
3231
1078
3234
1079
3237
1080
3240
1081
3243
1082
3246
1083
3249
1084
3252
1085
3255
1086
3258
1087
3261
1088
3264
1089
3267
1090
3270
1091
3273
1092
3276
1093
3279
1094
3282
1095
3285
1096
3288
1097
3291
1098
3294
1099
3297
1100
3300
1101
3303
1102
3306
1103
3309
1104
3312
1105
3315
1106
3318
1107
3321
1108
3324
1109
3327
1110
3330
1111
3333
1112
3336
1113
3339
1114
3342
1115
3345
1116
3348
1117
3351
1118
3354
1119
3357
1120
3360
1121
3363
1122
3366
1123
3369
1124
3372
1125
3375
1126
3378
1127
3381
1128
3384
1129
3387
1130
3390
1131
3393
1132
3396
1133
3399
1134
3402
1135
3405
1136
3408
1137
3411
1138
3414
1139
3417
1140
3420
1141
3423
1142
3426
1143
3429
1144
3432
1145
3435
1146
3438
1147
3441
1148
3444
1149
3447
1150
3450
1151
3453
1152
3456
1153
3459
1154
3462
1155
3465
1156
3468
1157
3471
1158
3474
1159
3477
1160
3480
1161
3483
1162
3486
1163
3489
1164
3492
1165
3495
1166
3498
1167
3501
1168
3504
1169
3507
1170
3510
1171
3513
1172
3516
1173
3519
1174
3522
1175
3525
1176
3528
1177
3531
1178
3534
1179
3537
1180
3540
1181
3543
1182
3546
1183
3549
1184
3552
1185
3555
1186
3558
1187
3561
1188
3564
1189
3567
1190
3570
1191
3573
1192
3576
1193
3579
1194
3582
1195
3585
1196
3588
1197
3591
1198
3594
1199
3597
1200
3600
1201
3603
1202
3606
1203
3609
1204
3612
1205
3615
1206
3618
1207
3621
1208
3624
1209
3627
1210
3630
1211
3633
1212
3636
1213
3639
1214
3642
1215
3645
1216
3648
1217
3651
1218
3654
1219
3657
1220
3660
1221
3663
1222
3666
1223
3669
1224
3672
1225
3675
1226
3678
1227
3681
1228
3684
1229
3687
1230
3690
1231
3693
1232
3696
1233
3699
1234
3702
1235
3705
1236
3708
1237
3711
1238
3714
1239
3717
1240
3720
1241
3723
1242
3726
1243
3729
1244
3732
1245
3735
1246
3738
1247
3741
1248
3744
1249
3747
1250
3750
1251
3753
1252
3756
1253
3759
1254
3762
1255
3765
1256
3768
1257
3771
1258
3774
1259
3777
1260
3780
1261
3783
1262
3786
1263
3789
1264
3792
1265
3795
1266
3798
1267
3801
1268
3804
1269
3807
1270
3810
1271
3813
1272
3816
1273
3819
1274
3822
1275
3825
1276
3828
1277
3831
1278
3834
1279
3837
1280
3840
1281
3843
1282
3846
1283
3849
1284
3852
1285
3855
1286
3858
1287
3861
1288
3864
1289
3867
1290
3870
1291
3873
1292
3876
1293
3879
1294
3882
1295
3885
1296
3888
1297
3891
1298
3894
1299
3897
1300
3900
1301
3903
1302
3906
1303
3909
1304
3912
1305
3915
1306
3918
1307
3921
1308
3924
1309
3927
1310
3930
1311
3933
1312
3936
1313
3939
1314
3942
1315
3945
1316
3948
1317
3951
1318
3954
1319
3957
1320
3960
1321
3963
1322
3966
1323
3969
1324
3972
1325
3975
1326
3978
1327
3981
1328
3984
1329
3987
1330
3990
1331
3993
1332
3996
1333
3999
1334
4002
1335
4005
1336
4008
1337
4011
1338
4014
1339
4017
1340
4020
1341
4023
1342
4026
1343
4029
1344
4032
1345
4035
1346
4038
1347
4041
1348
4044
1349
4047
1350
4050
1351
4053
1352
4056
1353
4059
1354
4062
1355
4065
1356
4068
1357
4071
1358
4074
1359
4077
1360
4080
1361
4083
1362
4086
1363
4089
1364
4092
1365
4095
1366
4098
1367
4101
1368
4104
1369
4107
1370
4110
1371
4113
1372
4116
1373
4119
1374
4122
1375
4125
1376
4128
1377
4131
1378
4134
1379
4137
1380
4140
1381
4143
1382
4146
1383
4149
1384
4152
1385
4155
1386
4158
1387
4161
1388
4164
1389
4167
1390
4170
1391
4173
1392
4176
1393
4179
1394
4182
1395
4185
1396
4188
1397
4191
1398
4194
1399
4197
1400
4200
1401
4203
1402
4206
1403
4209
1404
4212
1405
4215
1406
4218
1407
4221
1408
4224
1409
4227
1410
4230
1411
4233
1412
4236
1413
4239
1414
4242
1415
4245
1416
4248
1417
4251
1418
4254
1419
4257
1420
4260
1421
4263
1422
4266
1423
4269
1424
4272
1425
4275
1426
4278
1427
4281
1428
4284
1429
4287
1430
4290
1431
4293
1432
4296
1433
4299
1434
4302
1435
4305
1436
4308
1437
4311
1438
4314
1439
4317
1440
4320
1441
4323
1442
4326
1443
4329
1444
4332
1445
4335
1446
4338
1447
4341
1448
4344
1449
4347
1450
4350
1451
4353
1452
4356
1453
4359
1454
4362
1455
4365
1456
4368
1457
4371
1458
4374
1459
4377
1460
4380
1461
4383
1462
4386
1463
4389
1464
4392
1465
4395
1466
4398
1467
4401
1468
4404
1469
4407
1470
4410
1471
4413
1472
4416
1473
4419
1474
4422
1475
4425
1476
4428
1477
4431
1478
4434
1479
4437
1480
4440
1481
4443
1482
4446
1483
4449
1484
4452
1485
4455
1486
4458
1487
4461
1488
4464
1489
4467
1490
4470
1491
4473
1492
4476
1493
4479
1494
4482
1495
4485
1496
4488
1497
4491
1498
4494
1499
4497
1500
4500
1501
4503
1502
4506
1503
4509
1504
4512
1505
4515
1506
4518
1507
4521
1508
4524
1509
4527
1510
4530
1511
4533
1512
4536
1513
4539
1514
4542
1515
4545
1516
4548
1517
4551
1518
4554
1519
4557
1520
4560
1521
4563
1522
4566
1523
4569
1524
4572
1525
4575
1526
4578
1527
4581
1528
4584
1529
4587
1530
4590
1531
4593
1532
4596
1533
4599
1534
4602
1535
4605
1536
4608
1537
4611
1538
4614
1539
4617
1540
4620
1541
4623
1542
4626
1543
4629
1544
4632
1545
4635
1546
4638
1547
4641
1548
4644
1549
4647
1550
4650
1551
4653
1552
4656
1553
4659
1554
4662
1555
4665
1556
4668
1557
4671
1558
4674
1559
4677
1560
4680
1561
4683
1562
4686
1563
4689
1564
4692
1565
4695
1566
4698
1567
4701
1568
4704
1569
4707
1570
4710
1571
4713
1572
4716
1573
4719
1574
4722
1575
4725
1576
4728
1577
4731
1578
4734
1579
4737
1580
4740
1581
4743
1582
4746
1583
4749
1584
4752
1585
4755
1586
4758
1587
4761
1588
4764
1589
4767
1590
4770
1591
4773
1592
4776
1593
4779
1594
4782
1595
4785
1596
4788
1597
4791
1598
4794
1599
4797
1600
4800
1601
4803
1602
4806
1603
4809
1604
4812
1605
4815
1606
4818
1607
4821
1608
4824
1609
4827
1610
4830
1611
4833
1612
4836
1613
4839
1614
4842
1615
4845
1616
4848
1617
4851
1618
4854
1619
4857
1620
4860
1621
4863
1622
4866
1623
4869
1624
4872
1625
4875
1626
4878
1627
4881
1628
4884
1629
4887
1630
4890
1631
4893
1632
4896
1633
4899
1634
4902
1635
4905
1636
4908
1637
4911
1638
4914
1639
4917
1640
4920
1641
4923
1642
4926
1643
4929
1644
4932
1645
4935
1646
4938
1647
4941
1648
4944
1649
4947
1650
4950
1651
4953
1652
4956
1653
4959
1654
4962
1655
4965
1656
4968
1657
4971
1658
4974
1659
4977
1660
4980
1661
4983
1662
4986
1663
4989
1664
4992
1665
4995
1666
4998
1667
5001
1668
5004
1669
5007
1670
5010
1671
5013
1672
5016
1673
5019
1674
5022
1675
5025
1676
5028
1677
5031
1678
5034
1679
5037
1680
5040
1681
5043
1682
5046
1683
5049
1684
5052
1685
5055
1686
5058
1687
5061
1688
5064
1689
5067
1690
5070
1691
5073
1692
5076
1693
5079
1694
5082
1695
5085
1696
5088
1697
5091
1698
5094
1699
5097
1700
5100
1701
5103
1702
5106
1703
5109
1704
5112
1705
5115
1706
5118
1707
5121
1708
5124
1709
5127
1710
5130
1711
5133
1712
5136
1713
5139
1714
5142
1715
5145
1716
5148
1717
5151
1718
5154
1719
5157
1720
5160
1721
5163
1722
5166
1723
5169
1724
5172
1725
5175
1726
5178
1727
5181
1728
5184
1729
5187
1730
5190
1731
5193
1732
5196
1733
5199
1734
5202
1735
5205
1736
5208
1737
5211
1738
5214
1739
5217
1740
5220
1741
5223
1742
5226
1743
5229
1744
5232
1745
5235
1746
5238
1747
5241
1748
5244
1749
5247
1750
5250
1751
5253
1752
5256
1753
5259
1754
5262
1755
5265
1756
5268
1757
5271
1758
5274
1759
5277
1760
5280
1761
5283
1762
5286
1763
5289
1764
5292
1765
5295
1766
5298
1767
5301
1768
5304
1769
5307
1770
5310
1771
5313
1772
5316
1773
5319
1774
5322
1775
5325
1776
5328
1777
5331
1778
5334
1779
5337
1780
5340
1781
5343
1782
5346
1783
5349
1784
5352
1785
5355
1786
5358
1787
5361
1788
5364
1789
5367
1790
5370
1791
5373
1792
5376
1793
5379
1794
5382
1795
5385
1796
5388
1797
5391
1798
5394
1799
5397
1800
5400
1801
5403
1802
5406
1803
5409
1804
5412
1805
5415
1806
5418
1807
5421
1808
5424
1809
5427
1810
5430
1811
5433
1812
5436
1813
5439
1814
5442
1815
5445
1816
5448
1817
5451
1818
5454
1819
5457
1820
5460
1821
5463
1822
5466
1823
5469
1824
5472
1825
5475
1826
5478
1827
5481
1828
5484
1829
5487
1830
5490
1831
5493
1832
5496
1833
5499
1834
5502
1835
5505
1836
5508
1837
5511
1838
5514
1839
5517
1840
5520
1841
5523
1842
5526
1843
5529
1844
5532
1845
5535
1846
5538
1847
5541
1848
5544
1849
5547
1850
5550
1851
5553
1852
5556
1853
5559
1854
5562
1855
5565
1856
5568
1857
5571
1858
5574
1859
5577
1860
5580
1861
5583
1862
5586
1863
5589
1864
5592
1865
5595
1866
5598
1867
5601
1868
5604
1869
5607
1870
5610
1871
5613
1872
5616
1873
5619
1874
5622
1875
5625
1876
5628
1877
5631
1878
5634
1879
5637
1880
5640
1881
5643
1882
5646
1883
5649
1884
5652
1885
5655
1886
5658
1887
5661
1888
5664
1889
5667
1890
5670
1891
5673
1892
5676
1893
5679
1894
5682
1895
5685
1896
5688
1897
5691
1898
5694
1899
5697
1900
5700
1901
5703
1902
5706
1903
5709
1904
5712
1905
5715
1906
5718
1907
5721
1908
5724
1909
5727
1910
5730
1911
5733
1912
5736
1913
5739
1914
5742
1915
5745
1916
5748
1917
5751
1918
5754
1919
5757
1920
5760
1921
5763
1922
5766
1923
5769
1924
5772
1925
5775
1926
5778
1927
5781
1928
5784
1929
5787
1930
5790
1931
5793
1932
5796
1933
5799
1934
5802
1935
5805
1936
5808
1937
5811
1938
5814
1939
5817
1940
5820
1941
5823
1942
5826
1943
5829
1944
5832
1945
5835
1946
5838
1947
5841
1948
5844
1949
5847
1950
5850
1951
5853
1952
5856
1953
5859
1954
5862
1955
5865
1956
5868
1957
5871
1958
5874
1959
5877
1960
5880
1961
5883
1962
5886
1963
5889
1964
5892
1965
5895
1966
5898
1967
5901
1968
5904
1969
5907
1970
5910
1971
5913
1972
5916
1973
5919
1974
5922
1975
5925
1976
5928
1977
5931
1978
5934
1979
5937
1980
5940
1981
5943
1982
5946
1983
5949
1984
5952
1985
5955
1986
5958
1987
5961
1988
5964
1989
5967
1990
5970
1991
5973
1992
5976
1993
5979
1994
5982
1995
5985
1996
5988
1997
5991
1998
5994
1999
5997
2000
6000
2001
6003
2002
6006
2003
6009
2004
6012
2005
6015
2006
6018
2007
6021
2008
6024
2009
6027
2010
6030
2011
6033
2012
6036
2013
6039
2014
6042
2015
6045
2016
6048
2017
6051
2018
6054
2019
6057
2020
6060
2021
6063
2022
6066
2023
6069
2024
6072
2025
6075
2026
6078
2027
6081
2028
6084
2029
6087
2030
6090
2031
6093
2032
6096
2033
6099
2034
6102
2035
6105
2036
6108
2037
6111
2038
6114
2039
6117
2040
6120
2041
6123
2042
6126
2043
6129
2044
6132
2045
6135
2046
6138
2047
6141
2048
6144
2049
6147
2050
6150
2051
6153
2052
6156
2053
6159
2054
6162
2055
6165
2056
6168
2057
6171
2058
6174
2059
6177
2060
6180
2061
6183
2062
6186
2063
6189
2064
6192
2065
6195
2066
6198
2067
6201
2068
6204
2069
6207
2070
6210
2071
6213
2072
6216
2073
6219
2074
6222
2075
6225
2076
6228
2077
6231
2078
6234
2079
6237
2080
6240
2081
6243
2082
6246
2083
6249
2084
6252
2085
6255
2086
6258
2087
6261
2088
6264
2089
6267
2090
6270
2091
6273
2092
6276
2093
6279
2094
6282
2095
6285
2096
6288
2097
6291
2098
6294
2099
6297
2100
6300
2101
6303
2102
6306
2103
6309
2104
6312
2105
6315
2106
6318
2107
6321
2108
6324
2109
6327
2110
6330
2111
6333
2112
6336
2113
6339
2114
6342
2115
6345
2116
6348
2117
6351
2118
6354
2119
6357
2120
6360
2121
6363
2122
6366
2123
6369
2124
6372
2125
6375
2126
6378
2127
6381
2128
6384
2129
6387
2130
6390
2131
6393
2132
6396
2133
6399
2134
6402
2135
6405
2136
6408
2137
6411
2138
6414
2139
6417
2140
6420
2141
6423
2142
6426
2143
6429
2144
6432
2145
6435
2146
6438
2147
6441
2148
6444
2149
6447
2150
6450
2151
6453
2152
6456
2153
6459
2154
6462
2155
6465
2156
6468
2157
6471
2158
6474
2159
6477
2160
6480
2161
6483
2162
6486
2163
6489
2164
6492
2165
6495
2166
6498
2167
6501
2168
6504
2169
6507
2170
6510
2171
6513
2172
6516
2173
6519
2174
6522
2175
6525
2176
6528
2177
6531
2178
6534
2179
6537
2180
6540
2181
6543
2182
6546
2183
6549
2184
6552
2185
6555
2186
6558
2187
6561
2188
6564
2189
6567
2190
6570
2191
6573
2192
6576
2193
6579
2194
6582
2195
6585
2196
6588
2197
6591
2198
6594
2199
6597
2200
6600
2201
6603
2202
6606
2203
6609
2204
6612
2205
6615
2206
6618
2207
6621
2208
6624
2209
6627
2210
6630
2211
6633
2212
6636
2213
6639
2214
6642
2215
6645
2216
6648
2217
6651
2218
6654
2219
6657
2220
6660
2221
6663
2222
6666
2223
6669
2224
6672
2225
6675
2226
6678
2227
6681
2228
6684
2229
6687
2230
6690
2231
6693
2232
6696
2233
6699
2234
6702
2235
6705
2236
6708
2237
6711
2238
6714
2239
6717
2240
6720
2241
6723
2242
6726
2243
6729
2244
6732
2245
6735
2246
6738
2247
6741
2248
6744
2249
6747
2250
6750
2251
6753
2252
6756
2253
6759
2254
6762
2255
6765
2256
6768
2257
6771
2258
6774
2259
6777
2260
6780
2261
6783
2262
6786
2263
6789
2264
6792
2265
6795
2266
6798
2267
6801
2268
6804
2269
6807
2270
6810
2271
6813
2272
6816
2273
6819
2274
6822
2275
6825
2276
6828
2277
6831
2278
6834
2279
6837
2280
6840
2281
6843
2282
6846
2283
6849
2284
6852
2285
6855
2286
6858
2287
6861
2288
6864
2289
6867
2290
6870
2291
6873
2292
6876
2293
6879
2294
6882
2295
6885
2296
6888
2297
6891
2298
6894
2299
6897
2300
6900
2301
6903
2302
6906
2303
6909
2304
6912
2305
6915
2306
6918
2307
6921
2308
6924
2309
6927
2310
6930
2311
6933
2312
6936
2313
6939
2314
6942
2315
6945
2316
6948
2317
6951
2318
6954
2319
6957
2320
6960
2321
6963
2322
6966
2323
6969
2324
6972
2325
6975
2326
6978
2327
6981
2328
6984
2329
6987
2330
6990
2331
6993
2332
6996
2333
6999
2334
7002
2335
7005
2336
7008
2337
7011
2338
7014
2339
7017
2340
7020
2341
7023
2342
7026
2343
7029
2344
7032
2345
7035
2346
7038
2347
7041
2348
7044
2349
7047
2350
7050
2351
7053
2352
7056
2353
7059
2354
7062
2355
7065
2356
7068
2357
7071
2358
7074
2359
7077
2360
7080
2361
7083
2362
7086
2363
7089
2364
7092
2365
7095
2366
7098
2367
7101
2368
7104
2369
7107
2370
7110
2371
7113
2372
7116
2373
7119
2374
7122
2375
7125
2376
7128
2377
7131
2378
7134
2379
7137
2380
7140
2381
7143
2382
7146
2383
7149
2384
7152
2385
7155
2386
7158
2387
7161
2388
7164
2389
7167
2390
7170
2391
7173
2392
7176
2393
7179
2394
7182
2395
7185
2396
7188
2397
7191
2398
7194
2399
7197
2400
7200
2401
7203
2402
7206
2403
7209
2404
7212
2405
7215
2406
7218
2407
7221
2408
7224
2409
7227
2410
7230
2411
7233
2412
7236
2413
7239
2414
7242
2415
7245
2416
7248
2417
7251
2418
7254
2419
7257
2420
7260
2421
7263
2422
7266
2423
7269
2424
7272
2425
7275
2426
7278
2427
7281
2428
7284
2429
7287
2430
7290
2431
7293
2432
7296
2433
7299
2434
7302
2435
7305
2436
7308
2437
7311
2438
7314
2439
7317
2440
7320
2441
7323
2442
7326
2443
7329
2444
7332
2445
7335
2446
7338
2447
7341
2448
7344
2449
7347
2450
7350
2451
7353
2452
7356
2453
7359
2454
7362
2455
7365
2456
7368
2457
7371
2458
7374
2459
7377
2460
7380
2461
7383
2462
7386
2463
7389
2464
7392
2465
7395
2466
7398
2467
7401
2468
7404
2469
7407
2470
7410
2471
7413
2472
7416
2473
7419
2474
7422
2475
7425
2476
7428
2477
7431
2478
7434
2479
7437
2480
7440
2481
7443
2482
7446
2483
7449
2484
7452
2485
7455
2486
7458
2487
7461
2488
7464
2489
7467
2490
7470
2491
7473
2492
7476
2493
7479
2494
7482
2495
7485
2496
7488
2497
7491
2498
7494
2499
7497
2500
7500
2501
7503
2502
7506
2503
7509
2504
7512
2505
7515
2506
7518
2507
7521
2508
7524
2509
7527
2510
7530
2511
7533
2512
7536
2513
7539
2514
7542
2515
7545
2516
7548
2517
7551
2518
7554
2519
7557
2520
7560
2521
7563
2522
7566
2523
7569
2524
7572
2525
7575
2526
7578
2527
7581
2528
7584
2529
7587
2530
7590
2531
7593
2532
7596
2533
7599
2534
7602
2535
7605
2536
7608
2537
7611
2538
7614
2539
7617
2540
7620
2541
7623
2542
7626
2543
7629
2544
7632
2545
7635
2546
7638
2547
7641
2548
7644
2549
7647
2550
7650
2551
7653
2552
7656
2553
7659
2554
7662
2555
7665
2556
7668
2557
7671
2558
7674
2559
7677
2560
7680
2561
7683
2562
7686
2563
7689
2564
7692
2565
7695
2566
7698
2567
7701
2568
7704
2569
7707
2570
7710
2571
7713
2572
7716
2573
7719
2574
7722
2575
7725
2576
7728
2577
7731
2578
7734
2579
7737
2580
7740
2581
7743
2582
7746
2583
7749
2584
7752
2585
7755
2586
7758
2587
7761
2588
7764
2589
7767
2590
7770
2591
7773
2592
7776
2593
7779
2594
7782
2595
7785
2596
7788
2597
7791
2598
7794
2599
7797
2600
7800
2601
7803
2602
7806
2603
7809
2604
7812
2605
7815
2606
7818
2607
7821
2608
7824
2609
7827
2610
7830
2611
7833
2612
7836
2613
7839
2614
7842
2615
7845
2616
7848
2617
7851
2618
7854
2619
7857
2620
7860
2621
7863
2622
7866
2623
7869
2624
7872
2625
7875
2626
7878
2627
7881
2628
7884
2629
7887
2630
7890
2631
7893
2632
7896
2633
7899
2634
7902
2635
7905
2636
7908
2637
7911
2638
7914
2639
7917
2640
7920
2641
7923
2642
7926
2643
7929
2644
7932
2645
7935
2646
7938
2647
7941
2648
7944
2649
7947
2650
7950
2651
7953
2652
7956
2653
7959
2654
7962
2655
7965
2656
7968
2657
7971
2658
7974
2659
7977
2660
7980
2661
7983
2662
7986
2663
7989
2664
7992
2665
7995
2666
7998
2667
8001
2668
8004
2669
8007
2670
8010
2671
8013
2672
8016
2673
8019
2674
8022
2675
8025
2676
8028
2677
8031
2678
8034
2679
8037
2680
8040
2681
8043
2682
8046
2683
8049
2684
8052
2685
8055
2686
8058
2687
8061
2688
8064
2689
8067
2690
8070
2691
8073
2692
8076
2693
8079
2694
8082
2695
8085
2696
8088
2697
8091
2698
8094
2699
8097
2700
8100
2701
8103
2702
8106
2703
8109
2704
8112
2705
8115
2706
8118
2707
8121
2708
8124
2709
8127
2710
8130
2711
8133
2712
8136
2713
8139
2714
8142
2715
8145
2716
8148
2717
8151
2718
8154
2719
8157
2720
8160
2721
8163
2722
8166
2723
8169
2724
8172
2725
8175
2726
8178
2727
8181
2728
8184
2729
8187
2730
8190
2731
8193
2732
8196
2733
8199
2734
8202
2735
8205
2736
8208
2737
8211
2738
8214
2739
8217
2740
8220
2741
8223
2742
8226
2743
8229
2744
8232
2745
8235
2746
8238
2747
8241
2748
8244
2749
8247
2750
8250
2751
8253
2752
8256
2753
8259
2754
8262
2755
8265
2756
8268
2757
8271
2758
8274
2759
8277
2760
8280
2761
8283
2762
8286
2763
8289
2764
8292
2765
8295
2766
8298
2767
8301
2768
8304
2769
8307
2770
8310
2771
8313
2772
8316
2773
8319
2774
8322
2775
8325
2776
8328
2777
8331
2778
8334
2779
8337
2780
8340
2781
8343
2782
8346
2783
8349
2784
8352
2785
8355
2786
8358
2787
8361
2788
8364
2789
8367
2790
8370
2791
8373
2792
8376
2793
8379
2794
8382
2795
8385
2796
8388
2797
8391
2798
8394
2799
8397
2800
8400
2801
8403
2802
8406
2803
8409
2804
8412
2805
8415
2806
8418
2807
8421
2808
8424
2809
8427
2810
8430
2811
8433
2812
8436
2813
8439
2814
8442
2815
8445
2816
8448
2817
8451
2818
8454
2819
8457
2820
8460
2821
8463
2822
8466
2823
8469
2824
8472
2825
8475
2826
8478
2827
8481
2828
8484
2829
8487
2830
8490
2831
8493
2832
8496
2833
8499
2834
8502
2835
8505
2836
8508
2837
8511
2838
8514
2839
8517
2840
8520
2841
8523
2842
8526
2843
8529
2844
8532
2845
8535
2846
8538
2847
8541
2848
8544
2849
8547
2850
8550
2851
8553
2852
8556
2853
8559
2854
8562
2855
8565
2856
8568
2857
8571
2858
8574
2859
8577
2860
8580
2861
8583
2862
8586
2863
8589
2864
8592
2865
8595
2866
8598
2867
8601
2868
8604
2869
8607
2870
8610
2871
8613
2872
8616
2873
8619
2874
8622
2875
8625
2876
8628
2877
8631
2878
8634
2879
8637
2880
8640
2881
8643
2882
8646
2883
8649
2884
8652
2885
8655
2886
8658
2887
8661
2888
8664
2889
8667
2890
8670
2891
8673
2892
8676
2893
8679
2894
8682
2895
8685
2896
8688
2897
8691
2898
8694
2899
8697
2900
8700
2901
8703
2902
8706
2903
8709
2904
8712
2905
8715
2906
8718
2907
8721
2908
8724
2909
8727
2910
8730
2911
8733
2912
8736
2913
8739
2914
8742
2915
8745
2916
8748
2917
8751
2918
8754
2919
8757
2920
8760
2921
8763
2922
8766
2923
8769
2924
8772
2925
8775
2926
8778
2927
8781
2928
8784
2929
8787
2930
8790
2931
8793
2932
8796
2933
8799
2934
8802
2935
8805
2936
8808
2937
8811
2938
8814
2939
8817
2940
8820
2941
8823
2942
8826
2943
8829
2944
8832
2945
8835
2946
8838
2947
8841
2948
8844
2949
8847
2950
8850
2951
8853
2952
8856
2953
8859
2954
8862
2955
8865
2956
8868
2957
8871
2958
8874
2959
8877
2960
8880
2961
8883
2962
8886
2963
8889
2964
8892
2965
8895
2966
8898
2967
8901
2968
8904
2969
8907
2970
8910
2971
8913
2972
8916
2973
8919
2974
8922
2975
8925
2976
8928
2977
8931
2978
8934
2979
8937
2980
8940
2981
8943
2982
8946
2983
8949
2984
8952
2985
8955
2986
8958
2987
8961
2988
8964
2989
8967
2990
8970
2991
8973
2992
8976
2993
8979
2994
8982
2995
8985
2996
8988
2997
8991
2998
8994
2999
8997
3000
9000
3001
9003
3002
9006
3003
9009
3004
9012
3005
9015
3006
9018
3007
9021
3008
9024
3009
9027
3010
9030
3011
9033
3012
9036
3013
9039
3014
9042
3015
9045
3016
9048
3017
9051
3018
9054
3019
9057
3020
9060
3021
9063
3022
9066
3023
9069
3024
9072
3025
9075
3026
9078
3027
9081
3028
9084
3029
9087
3030
9090
3031
9093
3032
9096
3033
9099
3034
9102
3035
9105
3036
9108
3037
9111
3038
9114
3039
9117
3040
9120
3041
9123
3042
9126
3043
9129
3044
9132
3045
9135
3046
9138
3047
9141
3048
9144
3049
9147
3050
9150
3051
9153
3052
9156
3053
9159
3054
9162
3055
9165
3056
9168
3057
9171
3058
9174
3059
9177
3060
9180
3061
9183
3062
9186
3063
9189
3064
9192
3065
9195
3066
9198
3067
9201
3068
9204
3069
9207
3070
9210
3071
9213
3072
9216
3073
9219
3074
9222
3075
9225
3076
9228
3077
9231
3078
9234
3079
9237
3080
9240
3081
9243
3082
9246
3083
9249
3084
9252
3085
9255
3086
9258
3087
9261
3088
9264
3089
9267
3090
9270
3091
9273
3092
9276
3093
9279
3094
9282
3095
9285
3096
9288
3097
9291
3098
9294
3099
9297
3100
9300
3101
9303
3102
9306
3103
9309
3104
9312
3105
9315
3106
9318
3107
9321
3108
9324
3109
9327
3110
9330
3111
9333
3112
9336
3113
9339
3114
9342
3115
9345
3116
9348
3117
9351
3118
9354
3119
9357
3120
9360
3121
9363
3122
9366
3123
9369
3124
9372
3125
9375
3126
9378
3127
9381
3128
9384
3129
9387
3130
9390
3131
9393
3132
9396
3133
9399
3134
9402
3135
9405
3136
9408
3137
9411
3138
9414
3139
9417
3140
9420
3141
9423
3142
9426
3143
9429
3144
9432
3145
9435
3146
9438
3147
9441
3148
9444
3149
9447
3150
9450
3151
9453
3152
9456
3153
9459
3154
9462
3155
9465
3156
9468
3157
9471
3158
9474
3159
9477
3160
9480
3161
9483
3162
9486
3163
9489
3164
9492
3165
9495
3166
9498
3167
9501
3168
9504
3169
9507
3170
9510
3171
9513
3172
9516
3173
9519
3174
9522
3175
9525
3176
9528
3177
9531
3178
9534
3179
9537
3180
9540
3181
9543
3182
9546
3183
9549
3184
9552
3185
9555
3186
9558
3187
9561
3188
9564
3189
9567
3190
9570
3191
9573
3192
9576
3193
9579
3194
9582
3195
9585
3196
9588
3197
9591
3198
9594
3199
9597
3200
9600
3201
9603
3202
9606
3203
9609
3204
9612
3205
9615
3206
9618
3207
9621
3208
9624
3209
9627
3210
9630
3211
9633
3212
9636
3213
9639
3214
9642
3215
9645
3216
9648
3217
9651
3218
9654
3219
9657
3220
9660
3221
9663
3222
9666
3223
9669
3224
9672
3225
9675
3226
9678
3227
9681
3228
9684
3229
9687
3230
9690
3231
9693
3232
9696
3233
9699
3234
9702
3235
9705
3236
9708
3237
9711
3238
9714
3239
9717
3240
9720
3241
9723
3242
9726
3243
9729
3244
9732
3245
9735
3246
9738
3247
9741
3248
9744
3249
9747
3250
9750
3251
9753
3252
9756
3253
9759
3254
9762
3255
9765
3256
9768
3257
9771
3258
9774
3259
9777
3260
9780
3261
9783
3262
9786
3263
9789
3264
9792
3265
9795
3266
9798
3267
9801
3268
9804
3269
9807
3270
9810
3271
9813
3272
9816
3273
9819
3274
9822
3275
9825
3276
9828
3277
9831
3278
9834
3279
9837
3280
9840
3281
9843
3282
9846
3283
9849
3284
9852
3285
9855
3286
9858
3287
9861
3288
9864
3289
9867
3290
9870
3291
9873
3292
9876
3293
9879
3294
9882
3295
9885
3296
9888
3297
9891
3298
9894
3299
9897
3300
9900
3301
9903
3302
9906
3303
9909
3304
9912
3305
9915
3306
9918
3307
9921
3308
9924
3309
9927
3310
9930
3311
9933
3312
9936
3313
9939
3314
9942
3315
9945
3316
9948
3317
9951
3318
9954
3319
9957
3320
9960
3321
9963
3322
9966
3323
9969
3324
9972
3325
9975
3326
9978
3327
9981
3328
9984
3329
9987
3330
9990
3331
9993
3332
9996
3333
9999
3334
10002
3335
10005
3336
10008
3337
10011
3338
10014
3339
10017
3340
10020
3341
10023
3342
10026
3343
10029
3344
10032
3345
10035
3346
10038
3347
10041
3348
10044
3349
10047
3350
10050
3351
10053
3352
10056
3353
10059
3354
10062
3355
10065
3356
10068
3357
10071
3358
10074
3359
10077
3360
10080
3361
10083
3362
10086
3363
10089
3364
10092
3365
10095
3366
10098
3367
10101
3368
10104
3369
10107
3370
10110
3371
10113
3372
10116
3373
10119
3374
10122
3375
10125
3376
10128
3377
10131
3378
10134
3379
10137
3380
10140
3381
10143
3382
10146
3383
10149
3384
10152
3385
10155
3386
10158
3387
10161
3388
10164
3389
10167
3390
10170
3391
10173
3392
10176
3393
10179
3394
10182
3395
10185
3396
10188
3397
10191
3398
10194
3399
10197
3400
10200
3401
10203
3402
10206
3403
10209
3404
10212
3405
10215
3406
10218
3407
10221
3408
10224
3409
10227
3410
10230
3411
10233
3412
10236
3413
10239
3414
10242
3415
10245
3416
10248
3417
10251
3418
10254
3419
10257
3420
10260
3421
10263
3422
10266
3423
10269
3424
10272
3425
10275
3426
10278
3427
10281
3428
10284
3429
10287
3430
10290
3431
10293
3432
10296
3433
10299
3434
10302
3435
10305
3436
10308
3437
10311
3438
10314
3439
10317
3440
10320
3441
10323
3442
10326
3443
10329
3444
10332
3445
10335
3446
10338
3447
10341
3448
10344
3449
10347
3450
10350
3451
10353
3452
10356
3453
10359
3454
10362
3455
10365
3456
10368
3457
10371
3458
10374
3459
10377
3460
10380
3461
10383
3462
10386
3463
10389
3464
10392
3465
10395
3466
10398
3467
10401
3468
10404
3469
10407
3470
10410
3471
10413
3472
10416
3473
10419
3474
10422
3475
10425
3476
10428
3477
10431
3478
10434
3479
10437
3480
10440
3481
10443
3482
10446
3483
10449
3484
10452
3485
10455
3486
10458
3487
10461
3488
10464
3489
10467
3490
10470
3491
10473
3492
10476
3493
10479
3494
10482
3495
10485
3496
10488
3497
10491
3498
10494
3499
10497
3500
10500
3501
10503
3502
10506
3503
10509
3504
10512
3505
10515
3506
10518
3507
10521
3508
10524
3509
10527
3510
10530
3511
10533
3512
10536
3513
10539
3514
10542
3515
10545
3516
10548
3517
10551
3518
10554
3519
10557
3520
10560
3521
10563
3522
10566
3523
10569
3524
10572
3525
10575
3526
10578
3527
10581
3528
10584
3529
10587
3530
10590
3531
10593
3532
10596
3533
10599
3534
10602
3535
10605
3536
10608
3537
10611
3538
10614
3539
10617
3540
10620
3541
10623
3542
10626
3543
10629
3544
10632
3545
10635
3546
10638
3547
10641
3548
10644
3549
10647
3550
10650
3551
10653
3552
10656
3553
10659
3554
10662
3555
10665
3556
10668
3557
10671
3558
10674
3559
10677
3560
10680
3561
10683
3562
10686
3563
10689
3564
10692
3565
10695
3566
10698
3567
10701
3568
10704
3569
10707
3570
10710
3571
10713
3572
10716
3573
10719
3574
10722
3575
10725
3576
10728
3577
10731
3578
10734
3579
10737
3580
10740
3581
10743
3582
10746
3583
10749
3584
10752
3585
10755
3586
10758
3587
10761
3588
10764
3589
10767
3590
10770
3591
10773
3592
10776
3593
10779
3594
10782
3595
10785
3596
10788
3597
10791
3598
10794
3599
10797
3600
10800
3601
10803
3602
10806
3603
10809
3604
10812
3605
10815
3606
10818
3607
10821
3608
10824
3609
10827
3610
10830
3611
10833
3612
10836
3613
10839
3614
10842
3615
10845
3616
10848
3617
10851
3618
10854
3619
10857
3620
10860
3621
10863
3622
10866
3623
10869
3624
10872
3625
10875
3626
10878
3627
10881
3628
10884
3629
10887
3630
10890
3631
10893
3632
10896
3633
10899
3634
10902
3635
10905
3636
10908
3637
10911
3638
10914
3639
10917
3640
10920
3641
10923
3642
10926
3643
10929
3644
10932
3645
10935
3646
10938
3647
10941
3648
10944
3649
10947
3650
10950
3651
10953
3652
10956
3653
10959
3654
10962
3655
10965
3656
10968
3657
10971
3658
10974
3659
10977
3660
10980
3661
10983
3662
10986
3663
10989
3664
10992
3665
10995
3666
10998
3667
11001
3668
11004
3669
11007
3670
11010
3671
11013
3672
11016
3673
11019
3674
11022
3675
11025
3676
11028
3677
11031
3678
11034
3679
11037
3680
11040
3681
11043
3682
11046
3683
11049
3684
11052
3685
11055
3686
11058
3687
11061
3688
11064
3689
11067
3690
11070
3691
11073
3692
11076
3693
11079
3694
11082
3695
11085
3696
11088
3697
11091
3698
11094
3699
11097
3700
11100
3701
11103
3702
11106
3703
11109
3704
11112
3705
11115
3706
11118
3707
11121
3708
11124
3709
11127
3710
11130
3711
11133
3712
11136
3713
11139
3714
11142
3715
11145
3716
11148
3717
11151
3718
11154
3719
11157
3720
11160
3721
11163
3722
11166
3723
11169
3724
11172
3725
11175
3726
11178
3727
11181
3728
11184
3729
11187
3730
11190
3731
11193
3732
11196
3733
11199
3734
11202
3735
11205
3736
11208
3737
11211
3738
11214
3739
11217
3740
11220
3741
11223
3742
11226
3743
11229
3744
11232
3745
11235
3746
11238
3747
11241
3748
11244
3749
11247
3750
11250
3751
11253
3752
11256
3753
11259
3754
11262
3755
11265
3756
11268
3757
11271
3758
11274
3759
11277
3760
11280
3761
11283
3762
11286
3763
11289
3764
11292
3765
11295
3766
11298
3767
11301
3768
11304
3769
11307
3770
11310
3771
11313
3772
11316
3773
11319
3774
11322
3775
11325
3776
11328
3777
11331
3778
11334
3779
11337
3780
11340
3781
11343
3782
11346
3783
11349
3784
11352
3785
11355
3786
11358
3787
11361
3788
11364
3789
11367
3790
11370
3791
11373
3792
11376
3793
11379
3794
11382
3795
11385
3796
11388
3797
11391
3798
11394
3799
11397
3800
11400
3801
11403
3802
11406
3803
11409
3804
11412
3805
11415
3806
11418
3807
11421
3808
11424
3809
11427
3810
11430
3811
11433
3812
11436
3813
11439
3814
11442
3815
11445
3816
11448
3817
11451
3818
11454
3819
11457
3820
11460
3821
11463
3822
11466
3823
11469
3824
11472
3825
11475
3826
11478
3827
11481
3828
11484
3829
11487
3830
11490
3831
11493
3832
11496
3833
11499
3834
11502
3835
11505
3836
11508
3837
11511
3838
11514
3839
11517
3840
11520
3841
11523
3842
11526
3843
11529
3844
11532
3845
11535
3846
11538
3847
11541
3848
11544
3849
11547
3850
11550
3851
11553
3852
11556
3853
11559
3854
11562
3855
11565
3856
11568
3857
11571
3858
11574
3859
11577
3860
11580
3861
11583
3862
11586
3863
11589
3864
11592
3865
11595
3866
11598
3867
11601
3868
11604
3869
11607
3870
11610
3871
11613
3872
11616
3873
11619
3874
11622
3875
11625
3876
11628
3877
11631
3878
11634
3879
11637
3880
11640
3881
11643
3882
11646
3883
11649
3884
11652
3885
11655
3886
11658
3887
11661
3888
11664
3889
11667
3890
11670
3891
11673
3892
11676
3893
11679
3894
11682
3895
11685
3896
11688
3897
11691
3898
11694
3899
11697
3900
11700
3901
11703
3902
11706
3903
11709
3904
11712
3905
11715
3906
11718
3907
11721
3908
11724
3909
11727
3910
11730
3911
11733
3912
11736
3913
11739
3914
11742
3915
11745
3916
11748
3917
11751
3918
11754
3919
11757
3920
11760
3921
11763
3922
11766
3923
11769
3924
11772
3925
11775
3926
11778
3927
11781
3928
11784
3929
11787
3930
11790
3931
11793
3932
11796
3933
11799
3934
11802
3935
11805
3936
11808
3937
11811
3938
11814
3939
11817
3940
11820
3941
11823
3942
11826
3943
11829
3944
11832
3945
11835
3946
11838
3947
11841
3948
11844
3949
11847
3950
11850
3951
11853
3952
11856
3953
11859
3954
11862
3955
11865
3956
11868
3957
11871
3958
11874
3959
11877
3960
11880
3961
11883
3962
11886
3963
11889
3964
11892
3965
11895
3966
11898
3967
11901
3968
11904
3969
11907
3970
11910
3971
11913
3972
11916
3973
11919
3974
11922
3975
11925
3976
11928
3977
11931
3978
11934
3979
11937
3980
11940
3981
11943
3982
11946
3983
11949
3984
11952
3985
11955
3986
11958
3987
11961
3988
11964
3989
11967
3990
11970
3991
11973
3992
11976
3993
11979
3994
11982
3995
11985
3996
11988
3997
11991
3998
11994
3999
11997
4000
12000
4001
12003
4002
12006
4003
12009
4004
12012
4005
12015
4006
12018
4007
12021
4008
12024
4009
12027
4010
12030
4011
12033
4012
12036
4013
12039
4014
12042
4015
12045
4016
12048
4017
12051
4018
12054
4019
12057
4020
12060
4021
12063
4022
12066
4023
12069
4024
12072
4025
12075
4026
12078
4027
12081
4028
12084
4029
12087
4030
12090
4031
12093
4032
12096
4033
12099
4034
12102
4035
12105
4036
12108
4037
12111
4038
12114
4039
12117
4040
12120
4041
12123
4042
12126
4043
12129
4044
12132
4045
12135
4046
12138
4047
12141
4048
12144
4049
12147
4050
12150
4051
12153
4052
12156
4053
12159
4054
12162
4055
12165
4056
12168
4057
12171
4058
12174
4059
12177
4060
12180
4061
12183
4062
12186
4063
12189
4064
12192
4065
12195
4066
12198
4067
12201
4068
12204
4069
12207
4070
12210
4071
12213
4072
12216
4073
12219
4074
12222
4075
12225
4076
12228
4077
12231
4078
12234
4079
12237
4080
12240
4081
12243
4082
12246
4083
12249
4084
12252
4085
12255
4086
12258
4087
12261
4088
12264
4089
12267
4090
12270
4091
12273
4092
12276
4093
12279
4094
12282
4095
12285
4096
12288
4097
12291
4098
12294
4099
12297
4100
12300
4101
12303
4102
12306
4103
12309
4104
12312
4105
12315
4106
12318
4107
12321
4108
12324
4109
12327
4110
12330
4111
12333
4112
12336
4113
12339
4114
12342
4115
12345
4116
12348
4117
12351
4118
12354
4119
12357
4120
12360
4121
12363
4122
12366
4123
12369
4124
12372
4125
12375
4126
12378
4127
12381
4128
12384
4129
12387
4130
12390
4131
12393
4132
12396
4133
12399
4134
12402
4135
12405
4136
12408
4137
12411
4138
12414
4139
12417
4140
12420
4141
12423
4142
12426
4143
12429
4144
12432
4145
12435
4146
12438
4147
12441
4148
12444
4149
12447
4150
12450
4151
12453
4152
12456
4153
12459
4154
12462
4155
12465
4156
12468
4157
12471
4158
12474
4159
12477
4160
12480
4161
12483
4162
12486
4163
12489
4164
12492
4165
12495
4166
12498
4167
12501
4168
12504
4169
12507
4170
12510
4171
12513
4172
12516
4173
12519
4174
12522
4175
12525
4176
12528
4177
12531
4178
12534
4179
12537
4180
12540
4181
12543
4182
12546
4183
12549
4184
12552
4185
12555
4186
12558
4187
12561
4188
12564
4189
12567
4190
12570
4191
12573
4192
12576
4193
12579
4194
12582
4195
12585
4196
12588
4197
12591
4198
12594
4199
12597
4200
12600
4201
12603
4202
12606
4203
12609
4204
12612
4205
12615
4206
12618
4207
12621
4208
12624
4209
12627
4210
12630
4211
12633
4212
12636
4213
12639
4214
12642
4215
12645
4216
12648
4217
12651
4218
12654
4219
12657
4220
12660
4221
12663
4222
12666
4223
12669
4224
12672
4225
12675
4226
12678
4227
12681
4228
12684
4229
12687
4230
12690
4231
12693
4232
12696
4233
12699
4234
12702
4235
12705
4236
12708
4237
12711
4238
12714
4239
12717
4240
12720
4241
12723
4242
12726
4243
12729
4244
12732
4245
12735
4246
12738
4247
12741
4248
12744
4249
12747
4250
12750
4251
12753
4252
12756
4253
12759
4254
12762
4255
12765
4256
12768
4257
12771
4258
12774
4259
12777
4260
12780
4261
12783
4262
12786
4263
12789
4264
12792
4265
12795
4266
12798
4267
12801
4268
12804
4269
12807
4270
12810
4271
12813
4272
12816
4273
12819
4274
12822
4275
12825
4276
12828
4277
12831
4278
12834
4279
12837
4280
12840
4281
12843
4282
12846
4283
12849
4284
12852
4285
12855
4286
12858
4287
12861
4288
12864
4289
12867
4290
12870
4291
12873
4292
12876
4293
12879
4294
12882
4295
12885
4296
12888
4297
12891
4298
12894
4299
12897
4300
12900
4301
12903
4302
12906
4303
12909
4304
12912
4305
12915
4306
12918
4307
12921
4308
12924
4309
12927
4310
12930
4311
12933
4312
12936
4313
12939
4314
12942
4315
12945
4316
12948
4317
12951
4318
12954
4319
12957
4320
12960
4321
12963
4322
12966
4323
12969
4324
12972
4325
12975
4326
12978
4327
12981
4328
12984
4329
12987
4330
12990
4331
12993
4332
12996
4333
12999
4334
13002
4335
13005
4336
13008
4337
13011
4338
13014
4339
13017
4340
13020
4341
13023
4342
13026
4343
13029
4344
13032
4345
13035
4346
13038
4347
13041
4348
13044
4349
13047
4350
13050
4351
13053
4352
13056
4353
13059
4354
13062
4355
13065
4356
13068
4357
13071
4358
13074
4359
13077
4360
13080
4361
13083
4362
13086
4363
13089
4364
13092
4365
13095
4366
13098
4367
13101
4368
13104
4369
13107
4370
13110
4371
13113
4372
13116
4373
13119
4374
13122
4375
13125
4376
13128
4377
13131
4378
13134
4379
13137
4380
13140
4381
13143
4382
13146
4383
13149
4384
13152
4385
13155
4386
13158
4387
13161
4388
13164
4389
13167
4390
13170
4391
13173
4392
13176
4393
13179
4394
13182
4395
13185
4396
13188
4397
13191
4398
13194
4399
13197
4400
13200
4401
13203
4402
13206
4403
13209
4404
13212
4405
13215
4406
13218
4407
13221
4408
13224
4409
13227
4410
13230
4411
13233
4412
13236
4413
13239
4414
13242
4415
13245
4416
13248
4417
13251
4418
13254
4419
13257
4420
13260
4421
13263
4422
13266
4423
13269
4424
13272
4425
13275
4426
13278
4427
13281
4428
13284
4429
13287
4430
13290
4431
13293
4432
13296
4433
13299
4434
13302
4435
13305
4436
13308
4437
13311
4438
13314
4439
13317
4440
13320
4441
13323
4442
13326
4443
13329
4444
13332
4445
13335
4446
13338
4447
13341
4448
13344
4449
13347
4450
13350
4451
13353
4452
13356
4453
13359
4454
13362
4455
13365
4456
13368
4457
13371
4458
13374
4459
13377
4460
13380
4461
13383
4462
13386
4463
13389
4464
13392
4465
13395
4466
13398
4467
13401
4468
13404
4469
13407
4470
13410
4471
13413
4472
13416
4473
13419
4474
13422
4475
13425
4476
13428
4477
13431
4478
13434
4479
13437
4480
13440
4481
13443
4482
13446
4483
13449
4484
13452
4485
13455
4486
13458
4487
13461
4488
13464
4489
13467
4490
13470
4491
13473
4492
13476
4493
13479
4494
13482
4495
13485
4496
13488
4497
13491
4498
13494
4499
13497
4500
13500
4501
13503
4502
13506
4503
13509
4504
13512
4505
13515
4506
13518
4507
13521
4508
13524
4509
13527
4510
13530
4511
13533
4512
13536
4513
13539
4514
13542
4515
13545
4516
13548
4517
13551
4518
13554
4519
13557
4520
13560
4521
13563
4522
13566
4523
13569
4524
13572
4525
13575
4526
13578
4527
13581
4528
13584
4529
13587
4530
13590
4531
13593
4532
13596
4533
13599
4534
13602
4535
13605
4536
13608
4537
13611
4538
13614
4539
13617
4540
13620
4541
13623
4542
13626
4543
13629
4544
13632
4545
13635
4546
13638
4547
13641
4548
13644
4549
13647
4550
13650
4551
13653
4552
13656
4553
13659
4554
13662
4555
13665
4556
13668
4557
13671
4558
13674
4559
13677
4560
13680
4561
13683
4562
13686
4563
13689
4564
13692
4565
13695
4566
13698
4567
13701
4568
13704
4569
13707
4570
13710
4571
13713
4572
13716
4573
13719
4574
13722
4575
13725
4576
13728
4577
13731
4578
13734
4579
13737
4580
13740
4581
13743
4582
13746
4583
13749
4584
13752
4585
13755
4586
13758
4587
13761
4588
13764
4589
13767
4590
13770
4591
13773
4592
13776
4593
13779
4594
13782
4595
13785
4596
13788
4597
13791
4598
13794
4599
13797
4600
13800
4601
13803
4602
13806
4603
13809
4604
13812
4605
13815
4606
13818
4607
13821
4608
13824
4609
13827
4610
13830
4611
13833
4612
13836
4613
13839
4614
13842
4615
13845
4616
13848
4617
13851
4618
13854
4619
13857
4620
13860
4621
13863
4622
13866
4623
13869
4624
13872
4625
13875
4626
13878
4627
13881
4628
13884
4629
13887
4630
13890
4631
13893
4632
13896
4633
13899
4634
13902
4635
13905
4636
13908
4637
13911
4638
13914
4639
13917
4640
13920
4641
13923
4642
13926
4643
13929
4644
13932
4645
13935
4646
13938
4647
13941
4648
13944
4649
13947
4650
13950
4651
13953
4652
13956
4653
13959
4654
13962
4655
13965
4656
13968
4657
13971
4658
13974
4659
13977
4660
13980
4661
13983
4662
13986
4663
13989
4664
13992
4665
13995
4666
13998
4667
14001
4668
14004
4669
14007
4670
14010
4671
14013
4672
14016
4673
14019
4674
14022
4675
14025
4676
14028
4677
14031
4678
14034
4679
14037
4680
14040
4681
14043
4682
14046
4683
14049
4684
14052
4685
14055
4686
14058
4687
14061
4688
14064
4689
14067
4690
14070
4691
14073
4692
14076
4693
14079
4694
14082
4695
14085
4696
14088
4697
14091
4698
14094
4699
14097
4700
14100
4701
14103
4702
14106
4703
14109
4704
14112
4705
14115
4706
14118
4707
14121
4708
14124
4709
14127
4710
14130
4711
14133
4712
14136
4713
14139
4714
14142
4715
14145
4716
14148
4717
14151
4718
14154
4719
14157
4720
14160
4721
14163
4722
14166
4723
14169
4724
14172
4725
14175
4726
14178
4727
14181
4728
14184
4729
14187
4730
14190
4731
14193
4732
14196
4733
14199
4734
14202
4735
14205
4736
14208
4737
14211
4738
14214
4739
14217
4740
14220
4741
14223
4742
14226
4743
14229
4744
14232
4745
14235
4746
14238
4747
14241
4748
14244
4749
14247
4750
14250
4751
14253
4752
14256
4753
14259
4754
14262
4755
14265
4756
14268
4757
14271
4758
14274
4759
14277
4760
14280
4761
14283
4762
14286
4763
14289
4764
14292
4765
14295
4766
14298
4767
14301
4768
14304
4769
14307
4770
14310
4771
14313
4772
14316
4773
14319
4774
14322
4775
14325
4776
14328
4777
14331
4778
14334
4779
14337
4780
14340
4781
14343
4782
14346
4783
14349
4784
14352
4785
14355
4786
14358
4787
14361
4788
14364
4789
14367
4790
14370
4791
14373
4792
14376
4793
14379
4794
14382
4795
14385
4796
14388
4797
14391
4798
14394
4799
14397
4800
14400
4801
14403
4802
14406
4803
14409
4804
14412
4805
14415
4806
14418
4807
14421
4808
14424
4809
14427
4810
14430
4811
14433
4812
14436
4813
14439
4814
14442
4815
14445
4816
14448
4817
14451
4818
14454
4819
14457
4820
14460
4821
14463
4822
14466
4823
14469
4824
14472
4825
14475
4826
14478
4827
14481
4828
14484
4829
14487
4830
14490
4831
14493
4832
14496
4833
14499
4834
14502
4835
14505
4836
14508
4837
14511
4838
14514
4839
14517
4840
14520
4841
14523
4842
14526
4843
14529
4844
14532
4845
14535
4846
14538
4847
14541
4848
14544
4849
14547
4850
14550
4851
14553
4852
14556
4853
14559
4854
14562
4855
14565
4856
14568
4857
14571
4858
14574
4859
14577
4860
14580
4861
14583
4862
14586
4863
14589
4864
14592
4865
14595
4866
14598
4867
14601
4868
14604
4869
14607
4870
14610
4871
14613
4872
14616
4873
14619
4874
14622
4875
14625
4876
14628
4877
14631
4878
14634
4879
14637
4880
14640
4881
14643
4882
14646
4883
14649
4884
14652
4885
14655
4886
14658
4887
14661
4888
14664
4889
14667
4890
14670
4891
14673
4892
14676
4893
14679
4894
14682
4895
14685
4896
14688
4897
14691
4898
14694
4899
14697
4900
14700
4901
14703
4902
14706
4903
14709
4904
14712
4905
14715
4906
14718
4907
14721
4908
14724
4909
14727
4910
14730
4911
14733
4912
14736
4913
14739
4914
14742
4915
14745
4916
14748
4917
14751
4918
14754
4919
14757
4920
14760
4921
14763
4922
14766
4923
14769
4924
14772
4925
14775
4926
14778
4927
14781
4928
14784
4929
14787
4930
14790
4931
14793
4932
14796
4933
14799
4934
14802
4935
14805
4936
14808
4937
14811
4938
14814
4939
14817
4940
14820
4941
14823
4942
14826
4943
14829
4944
14832
4945
14835
4946
14838
4947
14841
4948
14844
4949
14847
4950
14850
4951
14853
4952
14856
4953
14859
4954
14862
4955
14865
4956
14868
4957
14871
4958
14874
4959
14877
4960
14880
4961
14883
4962
14886
4963
14889
4964
14892
4965
14895
4966
14898
4967
14901
4968
14904
4969
14907
4970
14910
4971
14913
4972
14916
4973
14919
4974
14922
4975
14925
4976
14928
4977
14931
4978
14934
4979
14937
4980
14940
4981
14943
4982
14946
4983
14949
4984
14952
4985
14955
4986
14958
4987
14961
4988
14964
4989
14967
4990
14970
4991
14973
4992
14976
4993
14979
4994
14982
4995
14985
4996
14988
4997
14991
4998
14994
4999
14997
5000
15000
5001
15003
5002
15006
5003
15009
5004
15012
5005
15015
5006
15018
5007
15021
5008
15024
5009
15027
5010
15030
5011
15033
5012
15036
5013
15039
5014
15042
5015
15045
5016
15048
5017
15051
5018
15054
5019
15057
5020
15060
5021
15063
5022
15066
5023
15069
5024
15072
5025
15075
5026
15078
5027
15081
5028
15084
5029
15087
5030
15090
5031
15093
5032
15096
5033
15099
5034
15102
5035
15105
5036
15108
5037
15111
5038
15114
5039
15117
5040
15120
5041
15123
5042
15126
5043
15129
5044
15132
5045
15135
5046
15138
5047
15141
5048
15144
5049
15147
5050
15150
5051
15153
5052
15156
5053
15159
5054
15162
5055
15165
5056
15168
5057
15171
5058
15174
5059
15177
5060
15180
5061
15183
5062
15186
5063
15189
5064
15192
5065
15195
5066
15198
5067
15201
5068
15204
5069
15207
5070
15210
5071
15213
5072
15216
5073
15219
5074
15222
5075
15225
5076
15228
5077
15231
5078
15234
5079
15237
5080
15240
5081
15243
5082
15246
5083
15249
5084
15252
5085
15255
5086
15258
5087
15261
5088
15264
5089
15267
5090
15270
5091
15273
5092
15276
5093
15279
5094
15282
5095
15285
5096
15288
5097
15291
5098
15294
5099
15297
5100
15300
5101
15303
5102
15306
5103
15309
5104
15312
5105
15315
5106
15318
5107
15321
5108
15324
5109
15327
5110
15330
5111
15333
5112
15336
5113
15339
5114
15342
5115
15345
5116
15348
5117
15351
5118
15354
5119
15357
5120
15360
5121
15363
5122
15366
5123
15369
5124
15372
5125
15375
5126
15378
5127
15381
5128
15384
5129
15387
5130
15390
5131
15393
5132
15396
5133
15399
5134
15402
5135
15405
5136
15408
5137
15411
5138
15414
5139
15417
5140
15420
5141
15423
5142
15426
5143
15429
5144
15432
5145
15435
5146
15438
5147
15441
5148
15444
5149
15447
5150
15450
5151
15453
5152
15456
5153
15459
5154
15462
5155
15465
5156
15468
5157
15471
5158
15474
5159
15477
5160
15480
5161
15483
5162
15486
5163
15489
5164
15492
5165
15495
5166
15498
5167
15501
5168
15504
5169
15507
5170
15510
5171
15513
5172
15516
5173
15519
5174
15522
5175
15525
5176
15528
5177
15531
5178
15534
5179
15537
5180
15540
5181
15543
5182
15546
5183
15549
5184
15552
5185
15555
5186
15558
5187
15561
5188
15564
5189
15567
5190
15570
5191
15573
5192
15576
5193
15579
5194
15582
5195
15585
5196
15588
5197
15591
5198
15594
5199
15597
5200
15600
5201
15603
5202
15606
5203
15609
5204
15612
5205
15615
5206
15618
5207
15621
5208
15624
5209
15627
5210
15630
5211
15633
5212
15636
5213
15639
5214
15642
5215
15645
5216
15648
5217
15651
5218
15654
5219
15657
5220
15660
5221
15663
5222
15666
5223
15669
5224
15672
5225
15675
5226
15678
5227
15681
5228
15684
5229
15687
5230
15690
5231
15693
5232
15696
5233
15699
5234
15702
5235
15705
5236
15708
5237
15711
5238
15714
5239
15717
5240
15720
5241
15723
5242
15726
5243
15729
5244
15732
5245
15735
5246
15738
5247
15741
5248
15744
5249
15747
5250
15750
5251
15753
5252
15756
5253
15759
5254
15762
5255
15765
5256
15768
5257
15771
5258
15774
5259
15777
5260
15780
5261
15783
5262
15786
5263
15789
5264
15792
5265
15795
5266
15798
5267
15801
5268
15804
5269
15807
5270
15810
5271
15813
5272
15816
5273
15819
5274
15822
5275
15825
5276
15828
5277
15831
5278
15834
5279
15837
5280
15840
5281
15843
5282
15846
5283
15849
5284
15852
5285
15855
5286
15858
5287
15861
5288
15864
5289
15867
5290
15870
5291
15873
5292
15876
5293
15879
5294
15882
5295
15885
5296
15888
5297
15891
5298
15894
5299
15897
5300
15900
5301
15903
5302
15906
5303
15909
5304
15912
5305
15915
5306
15918
5307
15921
5308
15924
5309
15927
5310
15930
5311
15933
5312
15936
5313
15939
5314
15942
5315
15945
5316
15948
5317
15951
5318
15954
5319
15957
5320
15960
5321
15963
5322
15966
5323
15969
5324
15972
5325
15975
5326
15978
5327
15981
5328
15984
5329
15987
5330
15990
5331
15993
5332
15996
5333
15999
5334
16002
5335
16005
5336
16008
5337
16011
5338
16014
5339
16017
5340
16020
5341
16023
5342
16026
5343
16029
5344
16032
5345
16035
5346
16038
5347
16041
5348
16044
5349
16047
5350
16050
5351
16053
5352
16056
5353
16059
5354
16062
5355
16065
5356
16068
5357
16071
5358
16074
5359
16077
5360
16080
5361
16083
5362
16086
5363
16089
5364
16092
5365
16095
5366
16098
5367
16101
5368
16104
5369
16107
5370
16110
5371
16113
5372
16116
5373
16119
5374
16122
5375
16125
5376
16128
5377
16131
5378
16134
5379
16137
5380
16140
5381
16143
5382
16146
5383
16149
5384
16152
5385
16155
5386
16158
5387
16161
5388
16164
5389
16167
5390
16170
5391
16173
5392
16176
5393
16179
5394
16182
5395
16185
5396
16188
5397
16191
5398
16194
5399
16197
5400
16200
5401
16203
5402
16206
5403
16209
5404
16212
5405
16215
5406
16218
5407
16221
5408
16224
5409
16227
5410
16230
5411
16233
5412
16236
5413
16239
5414
16242
5415
16245
5416
16248
5417
16251
5418
16254
5419
16257
5420
16260
5421
16263
5422
16266
5423
16269
5424
16272
5425
16275
5426
16278
5427
16281
5428
16284
5429
16287
5430
16290
5431
16293
5432
16296
5433
16299
5434
16302
5435
16305
5436
16308
5437
16311
5438
16314
5439
16317
5440
16320
5441
16323
5442
16326
5443
16329
5444
16332
5445
16335
5446
16338
5447
16341
5448
16344
5449
16347
5450
16350
5451
16353
5452
16356
5453
16359
5454
16362
5455
16365
5456
16368
5457
16371
5458
16374
5459
16377
5460
16380
5461
16383
5462
16386
5463
16389
5464
16392
5465
16395
5466
16398
5467
16401
5468
16404
5469
16407
5470
16410
5471
16413
5472
16416
5473
16419
5474
16422
5475
16425
5476
16428
5477
16431
5478
16434
5479
16437
5480
16440
5481
16443
5482
16446
5483
16449
5484
16452
5485
16455
5486
16458
5487
16461
5488
16464
5489
16467
5490
16470
5491
16473
5492
16476
5493
16479
5494
16482
5495
16485
5496
16488
5497
16491
5498
16494
5499
16497
5500
16500
5501
16503
5502
16506
5503
16509
5504
16512
5505
16515
5506
16518
5507
16521
5508
16524
5509
16527
5510
16530
5511
16533
5512
16536
5513
16539
5514
16542
5515
16545
5516
16548
5517
16551
5518
16554
5519
16557
5520
16560
5521
16563
5522
16566
5523
16569
5524
16572
5525
16575
5526
16578
5527
16581
5528
16584
5529
16587
5530
16590
5531
16593
5532
16596
5533
16599
5534
16602
5535
16605
5536
16608
5537
16611
5538
16614
5539
16617
5540
16620
5541
16623
5542
16626
5543
16629
5544
16632
5545
16635
5546
16638
5547
16641
5548
16644
5549
16647
5550
16650
5551
16653
5552
16656
5553
16659
5554
16662
5555
16665
5556
16668
5557
16671
5558
16674
5559
16677
5560
16680
5561
16683
5562
16686
5563
16689
5564
16692
5565
16695
5566
16698
5567
16701
5568
16704
5569
16707
5570
16710
5571
16713
5572
16716
5573
16719
5574
16722
5575
16725
5576
16728
5577
16731
5578
16734
5579
16737
5580
16740
5581
16743
5582
16746
5583
16749
5584
16752
5585
16755
5586
16758
5587
16761
5588
16764
5589
16767
5590
16770
5591
16773
5592
16776
5593
16779
5594
16782
5595
16785
5596
16788
5597
16791
5598
16794
5599
16797
5600
16800
5601
16803
5602
16806
5603
16809
5604
16812
5605
16815
5606
16818
5607
16821
5608
16824
5609
16827
5610
16830
5611
16833
5612
16836
5613
16839
5614
16842
5615
16845
5616
16848
5617
16851
5618
16854
5619
16857
5620
16860
5621
16863
5622
16866
5623
16869
5624
16872
5625
16875
5626
16878
5627
16881
5628
16884
5629
16887
5630
16890
5631
16893
5632
16896
5633
16899
5634
16902
5635
16905
5636
16908
5637
16911
5638
16914
5639
16917
5640
16920
5641
16923
5642
16926
5643
16929
5644
16932
5645
16935
5646
16938
5647
16941
5648
16944
5649
16947
5650
16950
5651
16953
5652
16956
5653
16959
5654
16962
5655
16965
5656
16968
5657
16971
5658
16974
5659
16977
5660
16980
5661
16983
5662
16986
5663
16989
5664
16992
5665
16995
5666
16998
5667
17001
5668
17004
5669
17007
5670
17010
5671
17013
5672
17016
5673
17019
5674
17022
5675
17025
5676
17028
5677
17031
5678
17034
5679
17037
5680
17040
5681
17043
5682
17046
5683
17049
5684
17052
5685
17055
5686
17058
5687
17061
5688
17064
5689
17067
5690
17070
5691
17073
5692
17076
5693
17079
5694
17082
5695
17085
5696
17088
5697
17091
5698
17094
5699
17097
5700
17100
5701
17103
5702
17106
5703
17109
5704
17112
5705
17115
5706
17118
5707
17121
5708
17124
5709
17127
5710
17130
5711
17133
5712
17136
5713
17139
5714
17142
5715
17145
5716
17148
5717
17151
5718
17154
5719
17157
5720
17160
5721
17163
5722
17166
5723
17169
5724
17172
5725
17175
5726
17178
5727
17181
5728
17184
5729
17187
5730
17190
5731
17193
5732
17196
5733
17199
5734
17202
5735
17205
5736
17208
5737
17211
5738
17214
5739
17217
5740
17220
5741
17223
5742
17226
5743
17229
5744
17232
5745
17235
5746
17238
5747
17241
5748
17244
5749
17247
5750
17250
5751
17253
5752
17256
5753
17259
5754
17262
5755
17265
5756
17268
5757
17271
5758
17274
5759
17277
5760
17280
5761
17283
5762
17286
5763
17289
5764
17292
5765
17295
5766
17298
5767
17301
5768
17304
5769
17307
5770
17310
5771
17313
5772
17316
5773
17319
5774
17322
5775
17325
5776
17328
5777
17331
5778
17334
5779
17337
5780
17340
5781
17343
5782
17346
5783
17349
5784
17352
5785
17355
5786
17358
5787
17361
5788
17364
5789
17367
5790
17370
5791
17373
5792
17376
5793
17379
5794
17382
5795
17385
5796
17388
5797
17391
5798
17394
5799
17397
5800
17400
5801
17403
5802
17406
5803
17409
5804
17412
5805
17415
5806
17418
5807
17421
5808
17424
5809
17427
5810
17430
5811
17433
5812
17436
5813
17439
5814
17442
5815
17445
5816
17448
5817
17451
5818
17454
5819
17457
5820
17460
5821
17463
5822
17466
5823
17469
5824
17472
5825
17475
5826
17478
5827
17481
5828
17484
5829
17487
5830
17490
5831
17493
5832
17496
5833
17499
5834
17502
5835
17505
5836
17508
5837
17511
5838
17514
5839
17517
5840
17520
5841
17523
5842
17526
5843
17529
5844
17532
5845
17535
5846
17538
5847
17541
5848
17544
5849
17547
5850
17550
5851
17553
5852
17556
5853
17559
5854
17562
5855
17565
5856
17568
5857
17571
5858
17574
5859
17577
5860
17580
5861
17583
5862
17586
5863
17589
5864
17592
5865
17595
5866
17598
5867
17601
5868
17604
5869
17607
5870
17610
5871
17613
5872
17616
5873
17619
5874
17622
5875
17625
5876
17628
5877
17631
5878
17634
5879
17637
5880
17640
5881
17643
5882
17646
5883
17649
5884
17652
5885
17655
5886
17658
5887
17661
5888
17664
5889
17667
5890
17670
5891
17673
5892
17676
5893
17679
5894
17682
5895
17685
5896
17688
5897
17691
5898
17694
5899
17697
5900
17700
5901
17703
5902
17706
5903
17709
5904
17712
5905
17715
5906
17718
5907
17721
5908
17724
5909
17727
5910
17730
5911
17733
5912
17736
5913
17739
5914
17742
5915
17745
5916
17748
5917
17751
5918
17754
5919
17757
5920
17760
5921
17763
5922
17766
5923
17769
5924
17772
5925
17775
5926
17778
5927
17781
5928
17784
5929
17787
5930
17790
5931
17793
5932
17796
5933
17799
5934
17802
5935
17805
5936
17808
5937
17811
5938
17814
5939
17817
5940
17820
5941
17823
5942
17826
5943
17829
5944
17832
5945
17835
5946
17838
5947
17841
5948
17844
5949
17847
5950
17850
5951
17853
5952
17856
5953
17859
5954
17862
5955
17865
5956
17868
5957
17871
5958
17874
5959
17877
5960
17880
5961
17883
5962
17886
5963
17889
5964
17892
5965
17895
5966
17898
5967
17901
5968
17904
5969
17907
5970
17910
5971
17913
5972
17916
5973
17919
5974
17922
5975
17925
5976
17928
5977
17931
5978
17934
5979
17937
5980
17940
5981
17943
5982
17946
5983
17949
5984
17952
5985
17955
5986
17958
5987
17961
5988
17964
5989
17967
5990
17970
5991
17973
5992
17976
5993
17979
5994
17982
5995
17985
5996
17988
5997
17991
5998
17994
5999
17997
6000
18000
6001
18003
6002
18006
6003
18009
6004
18012
6005
18015
6006
18018
6007
18021
6008
18024
6009
18027
6010
18030
6011
18033
6012
18036
6013
18039
6014
18042
6015
18045
6016
18048
6017
18051
6018
18054
6019
18057
6020
18060
6021
18063
6022
18066
6023
18069
6024
18072
6025
18075
6026
18078
6027
18081
6028
18084
6029
18087
6030
18090
6031
18093
6032
18096
6033
18099
6034
18102
6035
18105
6036
18108
6037
18111
6038
18114
6039
18117
6040
18120
6041
18123
6042
18126
6043
18129
6044
18132
6045
18135
6046
18138
6047
18141
6048
18144
6049
18147
6050
18150
6051
18153
6052
18156
6053
18159
6054
18162
6055
18165
6056
18168
6057
18171
6058
18174
6059
18177
6060
18180
6061
18183
6062
18186
6063
18189
6064
18192
6065
18195
6066
18198
6067
18201
6068
18204
6069
18207
6070
18210
6071
18213
6072
18216
6073
18219
6074
18222
6075
18225
6076
18228
6077
18231
6078
18234
6079
18237
6080
18240
6081
18243
6082
18246
6083
18249
6084
18252
6085
18255
6086
18258
6087
18261
6088
18264
6089
18267
6090
18270
6091
18273
6092
18276
6093
18279
6094
18282
6095
18285
6096
18288
6097
18291
6098
18294
6099
18297
6100
18300
6101
18303
6102
18306
6103
18309
6104
18312
6105
18315
6106
18318
6107
18321
6108
18324
6109
18327
6110
18330
6111
18333
6112
18336
6113
18339
6114
18342
6115
18345
6116
18348
6117
18351
6118
18354
6119
18357
6120
18360
6121
18363
6122
18366
6123
18369
6124
18372
6125
18375
6126
18378
6127
18381
6128
18384
6129
18387
6130
18390
6131
18393
6132
18396
6133
18399
6134
18402
6135
18405
6136
18408
6137
18411
6138
18414
6139
18417
6140
18420
6141
18423
6142
18426
6143
18429
6144
18432
6145
18435
6146
18438
6147
18441
6148
18444
6149
18447
6150
18450
6151
18453
6152
18456
6153
18459
6154
18462
6155
18465
6156
18468
6157
18471
6158
18474
6159
18477
6160
18480
6161
18483
6162
18486
6163
18489
6164
18492
6165
18495
6166
18498
6167
18501
6168
18504
6169
18507
6170
18510
6171
18513
6172
18516
6173
18519
6174
18522
6175
18525
6176
18528
6177
18531
6178
18534
6179
18537
6180
18540
6181
18543
6182
18546
6183
18549
6184
18552
6185
18555
6186
18558
6187
18561
6188
18564
6189
18567
6190
18570
6191
18573
6192
18576
6193
18579
6194
18582
6195
18585
6196
18588
6197
18591
6198
18594
6199
18597
6200
18600
6201
18603
6202
18606
6203
18609
6204
18612
6205
18615
6206
18618
6207
18621
6208
18624
6209
18627
6210
18630
6211
18633
6212
18636
6213
18639
6214
18642
6215
18645
6216
18648
6217
18651
6218
18654
6219
18657
6220
18660
6221
18663
6222
18666
6223
18669
6224
18672
6225
18675
6226
18678
6227
18681
6228
18684
6229
18687
6230
18690
6231
18693
6232
18696
6233
18699
6234
18702
6235
18705
6236
18708
6237
18711
6238
18714
6239
18717
6240
18720
6241
18723
6242
18726
6243
18729
6244
18732
6245
18735
6246
18738
6247
18741
6248
18744
6249
18747
6250
18750
6251
18753
6252
18756
6253
18759
6254
18762
6255
18765
6256
18768
6257
18771
6258
18774
6259
18777
6260
18780
6261
18783
6262
18786
6263
18789
6264
18792
6265
18795
6266
18798
6267
18801
6268
18804
6269
18807
6270
18810
6271
18813
6272
18816
6273
18819
6274
18822
6275
18825
6276
18828
6277
18831
6278
18834
6279
18837
6280
18840
6281
18843
6282
18846
6283
18849
6284
18852
6285
18855
6286
18858
6287
18861
6288
18864
6289
18867
6290
18870
6291
18873
6292
18876
6293
18879
6294
18882
6295
18885
6296
18888
6297
18891
6298
18894
6299
18897
6300
18900
6301
18903
6302
18906
6303
18909
6304
18912
6305
18915
6306
18918
6307
18921
6308
18924
6309
18927
6310
18930
6311
18933
6312
18936
6313
18939
6314
18942
6315
18945
6316
18948
6317
18951
6318
18954
6319
18957
6320
18960
6321
18963
6322
18966
6323
18969
6324
18972
6325
18975
6326
18978
6327
18981
6328
18984
6329
18987
6330
18990
6331
18993
6332
18996
6333
18999
6334
19002
6335
19005
6336
19008
6337
19011
6338
19014
6339
19017
6340
19020
6341
19023
6342
19026
6343
19029
6344
19032
6345
19035
6346
19038
6347
19041
6348
19044
6349
19047
6350
19050
6351
19053
6352
19056
6353
19059
6354
19062
6355
19065
6356
19068
6357
19071
6358
19074
6359
19077
6360
19080
6361
19083
6362
19086
6363
19089
6364
19092
6365
19095
6366
19098
6367
19101
6368
19104
6369
19107
6370
19110
6371
19113
6372
19116
6373
19119
6374
19122
6375
19125
6376
19128
6377
19131
6378
19134
6379
19137
6380
19140
6381
19143
6382
19146
6383
19149
6384
19152
6385
19155
6386
19158
6387
19161
6388
19164
6389
19167
6390
19170
6391
19173
6392
19176
6393
19179
6394
19182
6395
19185
6396
19188
6397
19191
6398
19194
6399
19197
6400
19200
6401
19203
6402
19206
6403
19209
6404
19212
6405
19215
6406
19218
6407
19221
6408
19224
6409
19227
6410
19230
6411
19233
6412
19236
6413
19239
6414
19242
6415
19245
6416
19248
6417
19251
6418
19254
6419
19257
6420
19260
6421
19263
6422
19266
6423
19269
6424
19272
6425
19275
6426
19278
6427
19281
6428
19284
6429
19287
6430
19290
6431
19293
6432
19296
6433
19299
6434
19302
6435
19305
6436
19308
6437
19311
6438
19314
6439
19317
6440
19320
6441
19323
6442
19326
6443
19329
6444
19332
6445
19335
6446
19338
6447
19341
6448
19344
6449
19347
6450
19350
6451
19353
6452
19356
6453
19359
6454
19362
6455
19365
6456
19368
6457
19371
6458
19374
6459
19377
6460
19380
6461
19383
6462
19386
6463
19389
6464
19392
6465
19395
6466
19398
6467
19401
6468
19404
6469
19407
6470
19410
6471
19413
6472
19416
6473
19419
6474
19422
6475
19425
6476
19428
6477
19431
6478
19434
6479
19437
6480
19440
6481
19443
6482
19446
6483
19449
6484
19452
6485
19455
6486
19458
6487
19461
6488
19464
6489
19467
6490
19470
6491
19473
6492
19476
6493
19479
6494
19482
6495
19485
6496
19488
6497
19491
6498
19494
6499
19497
6500
19500
6501
19503
6502
19506
6503
19509
6504
19512
6505
19515
6506
19518
6507
19521
6508
19524
6509
19527
6510
19530
6511
19533
6512
19536
6513
19539
6514
19542
6515
19545
6516
19548
6517
19551
6518
19554
6519
19557
6520
19560
6521
19563
6522
19566
6523
19569
6524
19572
6525
19575
6526
19578
6527
19581
6528
19584
6529
19587
6530
19590
6531
19593
6532
19596
6533
19599
6534
19602
6535
19605
6536
19608
6537
19611
6538
19614
6539
19617
6540
19620
6541
19623
6542
19626
6543
19629
6544
19632
6545
19635
6546
19638
6547
19641
6548
19644
6549
19647
6550
19650
6551
19653
6552
19656
6553
19659
6554
19662
6555
19665
6556
19668
6557
19671
6558
19674
6559
19677
6560
19680
6561
19683
6562
19686
6563
19689
6564
19692
6565
19695
6566
19698
6567
19701
6568
19704
6569
19707
6570
19710
6571
19713
6572
19716
6573
19719
6574
19722
6575
19725
6576
19728
6577
19731
6578
19734
6579
19737
6580
19740
6581
19743
6582
19746
6583
19749
6584
19752
6585
19755
6586
19758
6587
19761
6588
19764
6589
19767
6590
19770
6591
19773
6592
19776
6593
19779
6594
19782
6595
19785
6596
19788
6597
19791
6598
19794
6599
19797
6600
19800
6601
19803
6602
19806
6603
19809
6604
19812
6605
19815
6606
19818
6607
19821
6608
19824
6609
19827
6610
19830
6611
19833
6612
19836
6613
19839
6614
19842
6615
19845
6616
19848
6617
19851
6618
19854
6619
19857
6620
19860
6621
19863
6622
19866
6623
19869
6624
19872
6625
19875
6626
19878
6627
19881
6628
19884
6629
19887
6630
19890
6631
19893
6632
19896
6633
19899
6634
19902
6635
19905
6636
19908
6637
19911
6638
19914
6639
19917
6640
19920
6641
19923
6642
19926
6643
19929
6644
19932
6645
19935
6646
19938
6647
19941
6648
19944
6649
19947
6650
19950
6651
19953
6652
19956
6653
19959
6654
19962
6655
19965
6656
19968
6657
19971
6658
19974
6659
19977
6660
19980
6661
19983
6662
19986
6663
19989
6664
19992
6665
19995
6666
19998
6667
20001
6668
20004
6669
20007
6670
20010
6671
20013
6672
20016
6673
20019
6674
20022
6675
20025
6676
20028
6677
20031
6678
20034
6679
20037
6680
20040
6681
20043
6682
20046
6683
20049
6684
20052
6685
20055
6686
20058
6687
20061
6688
20064
6689
20067
6690
20070
6691
20073
6692
20076
6693
20079
6694
20082
6695
20085
6696
20088
6697
20091
6698
20094
6699
20097
6700
20100
6701
20103
6702
20106
6703
20109
6704
20112
6705
20115
6706
20118
6707
20121
6708
20124
6709
20127
6710
20130
6711
20133
6712
20136
6713
20139
6714
20142
6715
20145
6716
20148
6717
20151
6718
20154
6719
20157
6720
20160
6721
20163
6722
20166
6723
20169
6724
20172
6725
20175
6726
20178
6727
20181
6728
20184
6729
20187
6730
20190
6731
20193
6732
20196
6733
20199
6734
20202
6735
20205
6736
20208
6737
20211
6738
20214
6739
20217
6740
20220
6741
20223
6742
20226
6743
20229
6744
20232
6745
20235
6746
20238
6747
20241
6748
20244
6749
20247
6750
20250
6751
20253
6752
20256
6753
20259
6754
20262
6755
20265
6756
20268
6757
20271
6758
20274
6759
20277
6760
20280
6761
20283
6762
20286
6763
20289
6764
20292
6765
20295
6766
20298
6767
20301
6768
20304
6769
20307
6770
20310
6771
20313
6772
20316
6773
20319
6774
20322
6775
20325
6776
20328
6777
20331
6778
20334
6779
20337
6780
20340
6781
20343
6782
20346
6783
20349
6784
20352
6785
20355
6786
20358
6787
20361
6788
20364
6789
20367
6790
20370
6791
20373
6792
20376
6793
20379
6794
20382
6795
20385
6796
20388
6797
20391
6798
20394
6799
20397
6800
20400
6801
20403
6802
20406
6803
20409
6804
20412
6805
20415
6806
20418
6807
20421
6808
20424
6809
20427
6810
20430
6811
20433
6812
20436
6813
20439
6814
20442
6815
20445
6816
20448
6817
20451
6818
20454
6819
20457
6820
20460
6821
20463
6822
20466
6823
20469
6824
20472
6825
20475
6826
20478
6827
20481
6828
20484
6829
20487
6830
20490
6831
20493
6832
20496
6833
20499
6834
20502
6835
20505
6836
20508
6837
20511
6838
20514
6839
20517
6840
20520
6841
20523
6842
20526
6843
20529
6844
20532
6845
20535
6846
20538
6847
20541
6848
20544
6849
20547
6850
20550
6851
20553
6852
20556
6853
20559
6854
20562
6855
20565
6856
20568
6857
20571
6858
20574
6859
20577
6860
20580
6861
20583
6862
20586
6863
20589
6864
20592
6865
20595
6866
20598
6867
20601
6868
20604
6869
20607
6870
20610
6871
20613
6872
20616
6873
20619
6874
20622
6875
20625
6876
20628
6877
20631
6878
20634
6879
20637
6880
20640
6881
20643
6882
20646
6883
20649
6884
20652
6885
20655
6886
20658
6887
20661
6888
20664
6889
20667
6890
20670
6891
20673
6892
20676
6893
20679
6894
20682
6895
20685
6896
20688
6897
20691
6898
20694
6899
20697
6900
20700
6901
20703
6902
20706
6903
20709
6904
20712
6905
20715
6906
20718
6907
20721
6908
20724
6909
20727
6910
20730
6911
20733
6912
20736
6913
20739
6914
20742
6915
20745
6916
20748
6917
20751
6918
20754
6919
20757
6920
20760
6921
20763
6922
20766
6923
20769
6924
20772
6925
20775
6926
20778
6927
20781
6928
20784
6929
20787
6930
20790
6931
20793
6932
20796
6933
20799
6934
20802
6935
20805
6936
20808
6937
20811
6938
20814
6939
20817
6940
20820
6941
20823
6942
20826
6943
20829
6944
20832
6945
20835
6946
20838
6947
20841
6948
20844
6949
20847
6950
20850
6951
20853
6952
20856
6953
20859
6954
20862
6955
20865
6956
20868
6957
20871
6958
20874
6959
20877
6960
20880
6961
20883
6962
20886
6963
20889
6964
20892
6965
20895
6966
20898
6967
20901
6968
20904
6969
20907
6970
20910
6971
20913
6972
20916
6973
20919
6974
20922
6975
20925
6976
20928
6977
20931
6978
20934
6979
20937
6980
20940
6981
20943
6982
20946
6983
20949
6984
20952
6985
20955
6986
20958
6987
20961
6988
20964
6989
20967
6990
20970
6991
20973
6992
20976
6993
20979
6994
20982
6995
20985
6996
20988
6997
20991
6998
20994
6999
20997
7000
21000
7001
21003
7002
21006
7003
21009
7004
21012
7005
21015
7006
21018
7007
21021
7008
21024
7009
21027
7010
21030
7011
21033
7012
21036
7013
21039
7014
21042
7015
21045
7016
21048
7017
21051
7018
21054
7019
21057
7020
21060
7021
21063
7022
21066
7023
21069
7024
21072
7025
21075
7026
21078
7027
21081
7028
21084
7029
21087
7030
21090
7031
21093
7032
21096
7033
21099
7034
21102
7035
21105
7036
21108
7037
21111
7038
21114
7039
21117
7040
21120
7041
21123
7042
21126
7043
21129
7044
21132
7045
21135
7046
21138
7047
21141
7048
21144
7049
21147
7050
21150
7051
21153
7052
21156
7053
21159
7054
21162
7055
21165
7056
21168
7057
21171
7058
21174
7059
21177
7060
21180
7061
21183
7062
21186
7063
21189
7064
21192
7065
21195
7066
21198
7067
21201
7068
21204
7069
21207
7070
21210
7071
21213
7072
21216
7073
21219
7074
21222
7075
21225
7076
21228
7077
21231
7078
21234
7079
21237
7080
21240
7081
21243
7082
21246
7083
21249
7084
21252
7085
21255
7086
21258
7087
21261
7088
21264
7089
21267
7090
21270
7091
21273
7092
21276
7093
21279
7094
21282
7095
21285
7096
21288
7097
21291
7098
21294
7099
21297
7100
21300
7101
21303
7102
21306
7103
21309
7104
21312
7105
21315
7106
21318
7107
21321
7108
21324
7109
21327
7110
21330
7111
21333
7112
21336
7113
21339
7114
21342
7115
21345
7116
21348
7117
21351
7118
21354
7119
21357
7120
21360
7121
21363
7122
21366
7123
21369
7124
21372
7125
21375
7126
21378
7127
21381
7128
21384
7129
21387
7130
21390
7131
21393
7132
21396
7133
21399
7134
21402
7135
21405
7136
21408
7137
21411
7138
21414
7139
21417
7140
21420
7141
21423
7142
21426
7143
21429
7144
21432
7145
21435
7146
21438
7147
21441
7148
21444
7149
21447
7150
21450
7151
21453
7152
21456
7153
21459
7154
21462
7155
21465
7156
21468
7157
21471
7158
21474
7159
21477
7160
21480
7161
21483
7162
21486
7163
21489
7164
21492
7165
21495
7166
21498
7167
21501
7168
21504
7169
21507
7170
21510
7171
21513
7172
21516
7173
21519
7174
21522
7175
21525
7176
21528
7177
21531
7178
21534
7179
21537
7180
21540
7181
21543
7182
21546
7183
21549
7184
21552
7185
21555
7186
21558
7187
21561
7188
21564
7189
21567
7190
21570
7191
21573
7192
21576
7193
21579
7194
21582
7195
21585
7196
21588
7197
21591
7198
21594
7199
21597
7200
21600
7201
21603
7202
21606
7203
21609
7204
21612
7205
21615
7206
21618
7207
21621
7208
21624
7209
21627
7210
21630
7211
21633
7212
21636
7213
21639
7214
21642
7215
21645
7216
21648
7217
21651
7218
21654
7219
21657
7220
21660
7221
21663
7222
21666
7223
21669
7224
21672
7225
21675
7226
21678
7227
21681
7228
21684
7229
21687
7230
21690
7231
21693
7232
21696
7233
21699
7234
21702
7235
21705
7236
21708
7237
21711
7238
21714
7239
21717
7240
21720
7241
21723
7242
21726
7243
21729
7244
21732
7245
21735
7246
21738
7247
21741
7248
21744
7249
21747
7250
21750
7251
21753
7252
21756
7253
21759
7254
21762
7255
21765
7256
21768
7257
21771
7258
21774
7259
21777
7260
21780
7261
21783
7262
21786
7263
21789
7264
21792
7265
21795
7266
21798
7267
21801
7268
21804
7269
21807
7270
21810
7271
21813
7272
21816
7273
21819
7274
21822
7275
21825
7276
21828
7277
21831
7278
21834
7279
21837
7280
21840
7281
21843
7282
21846
7283
21849
7284
21852
7285
21855
7286
21858
7287
21861
7288
21864
7289
21867
7290
21870
7291
21873
7292
21876
7293
21879
7294
21882
7295
21885
7296
21888
7297
21891
7298
21894
7299
21897
7300
21900
7301
21903
7302
21906
7303
21909
7304
21912
7305
21915
7306
21918
7307
21921
7308
21924
7309
21927
7310
21930
7311
21933
7312
21936
7313
21939
7314
21942
7315
21945
7316
21948
7317
21951
7318
21954
7319
21957
7320
21960
7321
21963
7322
21966
7323
21969
7324
21972
7325
21975
7326
21978
7327
21981
7328
21984
7329
21987
7330
21990
7331
21993
7332
21996
7333
21999
7334
22002
7335
22005
7336
22008
7337
22011
7338
22014
7339
22017
7340
22020
7341
22023
7342
22026
7343
22029
7344
22032
7345
22035
7346
22038
7347
22041
7348
22044
7349
22047
7350
22050
7351
22053
7352
22056
7353
22059
7354
22062
7355
22065
7356
22068
7357
22071
7358
22074
7359
22077
7360
22080
7361
22083
7362
22086
7363
22089
7364
22092
7365
22095
7366
22098
7367
22101
7368
22104
7369
22107
7370
22110
7371
22113
7372
22116
7373
22119
7374
22122
7375
22125
7376
22128
7377
22131
7378
22134
7379
22137
7380
22140
7381
22143
7382
22146
7383
22149
7384
22152
7385
22155
7386
22158
7387
22161
7388
22164
7389
22167
7390
22170
7391
22173
7392
22176
7393
22179
7394
22182
7395
22185
7396
22188
7397
22191
7398
22194
7399
22197
7400
22200
7401
22203
7402
22206
7403
22209
7404
22212
7405
22215
7406
22218
7407
22221
7408
22224
7409
22227
7410
22230
7411
22233
7412
22236
7413
22239
7414
22242
7415
22245
7416
22248
7417
22251
7418
22254
7419
22257
7420
22260
7421
22263
7422
22266
7423
22269
7424
22272
7425
22275
7426
22278
7427
22281
7428
22284
7429
22287
7430
22290
7431
22293
7432
22296
7433
22299
7434
22302
7435
22305
7436
22308
7437
22311
7438
22314
7439
22317
7440
22320
7441
22323
7442
22326
7443
22329
7444
22332
7445
22335
7446
22338
7447
22341
7448
22344
7449
22347
7450
22350
7451
22353
7452
22356
7453
22359
7454
22362
7455
22365
7456
22368
7457
22371
7458
22374
7459
22377
7460
22380
7461
22383
7462
22386
7463
22389
7464
22392
7465
22395
7466
22398
7467
22401
7468
22404
7469
22407
7470
22410
7471
22413
7472
22416
7473
22419
7474
22422
7475
22425
7476
22428
7477
22431
7478
22434
7479
22437
7480
22440
7481
22443
7482
22446
7483
22449
7484
22452
7485
22455
7486
22458
7487
22461
7488
22464
7489
22467
7490
22470
7491
22473
7492
22476
7493
22479
7494
22482
7495
22485
7496
22488
7497
22491
7498
22494
7499
22497
7500
22500
7501
22503
7502
22506
7503
22509
7504
22512
7505
22515
7506
22518
7507
22521
7508
22524
7509
22527
7510
22530
7511
22533
7512
22536
7513
22539
7514
22542
7515
22545
7516
22548
7517
22551
7518
22554
7519
22557
7520
22560
7521
22563
7522
22566
7523
22569
7524
22572
7525
22575
7526
22578
7527
22581
7528
22584
7529
22587
7530
22590
7531
22593
7532
22596
7533
22599
7534
22602
7535
22605
7536
22608
7537
22611
7538
22614
7539
22617
7540
22620
7541
22623
7542
22626
7543
22629
7544
22632
7545
22635
7546
22638
7547
22641
7548
22644
7549
22647
7550
22650
7551
22653
7552
22656
7553
22659
7554
22662
7555
22665
7556
22668
7557
22671
7558
22674
7559
22677
7560
22680
7561
22683
7562
22686
7563
22689
7564
22692
7565
22695
7566
22698
7567
22701
7568
22704
7569
22707
7570
22710
7571
22713
7572
22716
7573
22719
7574
22722
7575
22725
7576
22728
7577
22731
7578
22734
7579
22737
7580
22740
7581
22743
7582
22746
7583
22749
7584
22752
7585
22755
7586
22758
7587
22761
7588
22764
7589
22767
7590
22770
7591
22773
7592
22776
7593
22779
7594
22782
7595
22785
7596
22788
7597
22791
7598
22794
7599
22797
7600
22800
7601
22803
7602
22806
7603
22809
7604
22812
7605
22815
7606
22818
7607
22821
7608
22824
7609
22827
7610
22830
7611
22833
7612
22836
7613
22839
7614
22842
7615
22845
7616
22848
7617
22851
7618
22854
7619
22857
7620
22860
7621
22863
7622
22866
7623
22869
7624
22872
7625
22875
7626
22878
7627
22881
7628
22884
7629
22887
7630
22890
7631
22893
7632
22896
7633
22899
7634
22902
7635
22905
7636
22908
7637
22911
7638
22914
7639
22917
7640
22920
7641
22923
7642
22926
7643
22929
7644
22932
7645
22935
7646
22938
7647
22941
7648
22944
7649
22947
7650
22950
7651
22953
7652
22956
7653
22959
7654
22962
7655
22965
7656
22968
7657
22971
7658
22974
7659
22977
7660
22980
7661
22983
7662
22986
7663
22989
7664
22992
7665
22995
7666
22998
7667
23001
7668
23004
7669
23007
7670
23010
7671
23013
7672
23016
7673
23019
7674
23022
7675
23025
7676
23028
7677
23031
7678
23034
7679
23037
7680
23040
7681
23043
7682
23046
7683
23049
7684
23052
7685
23055
7686
23058
7687
23061
7688
23064
7689
23067
7690
23070
7691
23073
7692
23076
7693
23079
7694
23082
7695
23085
7696
23088
7697
23091
7698
23094
7699
23097
7700
23100
7701
23103
7702
23106
7703
23109
7704
23112
7705
23115
7706
23118
7707
23121
7708
23124
7709
23127
7710
23130
7711
23133
7712
23136
7713
23139
7714
23142
7715
23145
7716
23148
7717
23151
7718
23154
7719
23157
7720
23160
7721
23163
7722
23166
7723
23169
7724
23172
7725
23175
7726
23178
7727
23181
7728
23184
7729
23187
7730
23190
7731
23193
7732
23196
7733
23199
7734
23202
7735
23205
7736
23208
7737
23211
7738
23214
7739
23217
7740
23220
7741
23223
7742
23226
7743
23229
7744
23232
7745
23235
7746
23238
7747
23241
7748
23244
7749
23247
7750
23250
7751
23253
7752
23256
7753
23259
7754
23262
7755
23265
7756
23268
7757
23271
7758
23274
7759
23277
7760
23280
7761
23283
7762
23286
7763
23289
7764
23292
7765
23295
7766
23298
7767
23301
7768
23304
7769
23307
7770
23310
7771
23313
7772
23316
7773
23319
7774
23322
7775
23325
7776
23328
7777
23331
7778
23334
7779
23337
7780
23340
7781
23343
7782
23346
7783
23349
7784
23352
7785
23355
7786
23358
7787
23361
7788
23364
7789
23367
7790
23370
7791
23373
7792
23376
7793
23379
7794
23382
7795
23385
7796
23388
7797
23391
7798
23394
7799
23397
7800
23400
7801
23403
7802
23406
7803
23409
7804
23412
7805
23415
7806
23418
7807
23421
7808
23424
7809
23427
7810
23430
7811
23433
7812
23436
7813
23439
7814
23442
7815
23445
7816
23448
7817
23451
7818
23454
7819
23457
7820
23460
7821
23463
7822
23466
7823
23469
7824
23472
7825
23475
7826
23478
7827
23481
7828
23484
7829
23487
7830
23490
7831
23493
7832
23496
7833
23499
7834
23502
7835
23505
7836
23508
7837
23511
7838
23514
7839
23517
7840
23520
7841
23523
7842
23526
7843
23529
7844
23532
7845
23535
7846
23538
7847
23541
7848
23544
7849
23547
7850
23550
7851
23553
7852
23556
7853
23559
7854
23562
7855
23565
7856
23568
7857
23571
7858
23574
7859
23577
7860
23580
7861
23583
7862
23586
7863
23589
7864
23592
7865
23595
7866
23598
7867
23601
7868
23604
7869
23607
7870
23610
7871
23613
7872
23616
7873
23619
7874
23622
7875
23625
7876
23628
7877
23631
7878
23634
7879
23637
7880
23640
7881
23643
7882
23646
7883
23649
7884
23652
7885
23655
7886
23658
7887
23661
7888
23664
7889
23667
7890
23670
7891
23673
7892
23676
7893
23679
7894
23682
7895
23685
7896
23688
7897
23691
7898
23694
7899
23697
7900
23700
7901
23703
7902
23706
7903
23709
7904
23712
7905
23715
7906
23718
7907
23721
7908
23724
7909
23727
7910
23730
7911
23733
7912
23736
7913
23739
7914
23742
7915
23745
7916
23748
7917
23751
7918
23754
7919
23757
7920
23760
7921
23763
7922
23766
7923
23769
7924
23772
7925
23775
7926
23778
7927
23781
7928
23784
7929
23787
7930
23790
7931
23793
7932
23796
7933
23799
7934
23802
7935
23805
7936
23808
7937
23811
7938
23814
7939
23817
7940
23820
7941
23823
7942
23826
7943
23829
7944
23832
7945
23835
7946
23838
7947
23841
7948
23844
7949
23847
7950
23850
7951
23853
7952
23856
7953
23859
7954
23862
7955
23865
7956
23868
7957
23871
7958
23874
7959
23877
7960
23880
7961
23883
7962
23886
7963
23889
7964
23892
7965
23895
7966
23898
7967
23901
7968
23904
7969
23907
7970
23910
7971
23913
7972
23916
7973
23919
7974
23922
7975
23925
7976
23928
7977
23931
7978
23934
7979
23937
7980
23940
7981
23943
7982
23946
7983
23949
7984
23952
7985
23955
7986
23958
7987
23961
7988
23964
7989
23967
7990
23970
7991
23973
7992
23976
7993
23979
7994
23982
7995
23985
7996
23988
7997
23991
7998
23994
7999
23997
8000
24000
8001
24003
8002
24006
8003
24009
8004
24012
8005
24015
8006
24018
8007
24021
8008
24024
8009
24027
8010
24030
8011
24033
8012
24036
8013
24039
8014
24042
8015
24045
8016
24048
8017
24051
8018
24054
8019
24057
8020
24060
8021
24063
8022
24066
8023
24069
8024
24072
8025
24075
8026
24078
8027
24081
8028
24084
8029
24087
8030
24090
8031
24093
8032
24096
8033
24099
8034
24102
8035
24105
8036
24108
8037
24111
8038
24114
8039
24117
8040
24120
8041
24123
8042
24126
8043
24129
8044
24132
8045
24135
8046
24138
8047
24141
8048
24144
8049
24147
8050
24150
8051
24153
8052
24156
8053
24159
8054
24162
8055
24165
8056
24168
8057
24171
8058
24174
8059
24177
8060
24180
8061
24183
8062
24186
8063
24189
8064
24192
8065
24195
8066
24198
8067
24201
8068
24204
8069
24207
8070
24210
8071
24213
8072
24216
8073
24219
8074
24222
8075
24225
8076
24228
8077
24231
8078
24234
8079
24237
8080
24240
8081
24243
8082
24246
8083
24249
8084
24252
8085
24255
8086
24258
8087
24261
8088
24264
8089
24267
8090
24270
8091
24273
8092
24276
8093
24279
8094
24282
8095
24285
8096
24288
8097
24291
8098
24294
8099
24297
8100
24300
8101
24303
8102
24306
8103
24309
8104
24312
8105
24315
8106
24318
8107
24321
8108
24324
8109
24327
8110
24330
8111
24333
8112
24336
8113
24339
8114
24342
8115
24345
8116
24348
8117
24351
8118
24354
8119
24357
8120
24360
8121
24363
8122
24366
8123
24369
8124
24372
8125
24375
8126
24378
8127
24381
8128
24384
8129
24387
8130
24390
8131
24393
8132
24396
8133
24399
8134
24402
8135
24405
8136
24408
8137
24411
8138
24414
8139
24417
8140
24420
8141
24423
8142
24426
8143
24429
8144
24432
8145
24435
8146
24438
8147
24441
8148
24444
8149
24447
8150
24450
8151
24453
8152
24456
8153
24459
8154
24462
8155
24465
8156
24468
8157
24471
8158
24474
8159
24477
8160
24480
8161
24483
8162
24486
8163
24489
8164
24492
8165
24495
8166
24498
8167
24501
8168
24504
8169
24507
8170
24510
8171
24513
8172
24516
8173
24519
8174
24522
8175
24525
8176
24528
8177
24531
8178
24534
8179
24537
8180
24540
8181
24543
8182
24546
8183
24549
8184
24552
8185
24555
8186
24558
8187
24561
8188
24564
8189
24567
8190
24570
8191
24573
8192
24576
8193
24579
8194
24582
8195
24585
8196
24588
8197
24591
8198
24594
8199
24597
8200
24600
8201
24603
8202
24606
8203
24609
8204
24612
8205
24615
8206
24618
8207
24621
8208
24624
8209
24627
8210
24630
8211
24633
8212
24636
8213
24639
8214
24642
8215
24645
8216
24648
8217
24651
8218
24654
8219
24657
8220
24660
8221
24663
8222
24666
8223
24669
8224
24672
8225
24675
8226
24678
8227
24681
8228
24684
8229
24687
8230
24690
8231
24693
8232
24696
8233
24699
8234
24702
8235
24705
8236
24708
8237
24711
8238
24714
8239
24717
8240
24720
8241
24723
8242
24726
8243
24729
8244
24732
8245
24735
8246
24738
8247
24741
8248
24744
8249
24747
8250
24750
8251
24753
8252
24756
8253
24759
8254
24762
8255
24765
8256
24768
8257
24771
8258
24774
8259
24777
8260
24780
8261
24783
8262
24786
8263
24789
8264
24792
8265
24795
8266
24798
8267
24801
8268
24804
8269
24807
8270
24810
8271
24813
8272
24816
8273
24819
8274
24822
8275
24825
8276
24828
8277
24831
8278
24834
8279
24837
8280
24840
8281
24843
8282
24846
8283
24849
8284
24852
8285
24855
8286
24858
8287
24861
8288
24864
8289
24867
8290
24870
8291
24873
8292
24876
8293
24879
8294
24882
8295
24885
8296
24888
8297
24891
8298
24894
8299
24897
8300
24900
8301
24903
8302
24906
8303
24909
8304
24912
8305
24915
8306
24918
8307
24921
8308
24924
8309
24927
8310
24930
8311
24933
8312
24936
8313
24939
8314
24942
8315
24945
8316
24948
8317
24951
8318
24954
8319
24957
8320
24960
8321
24963
8322
24966
8323
24969
8324
24972
8325
24975
8326
24978
8327
24981
8328
24984
8329
24987
8330
24990
8331
24993
8332
24996
8333
24999
8334
25002
8335
25005
8336
25008
8337
25011
8338
25014
8339
25017
8340
25020
8341
25023
8342
25026
8343
25029
8344
25032
8345
25035
8346
25038
8347
25041
8348
25044
8349
25047
8350
25050
8351
25053
8352
25056
8353
25059
8354
25062
8355
25065
8356
25068
8357
25071
8358
25074
8359
25077
8360
25080
8361
25083
8362
25086
8363
25089
8364
25092
8365
25095
8366
25098
8367
25101
8368
25104
8369
25107
8370
25110
8371
25113
8372
25116
8373
25119
8374
25122
8375
25125
8376
25128
8377
25131
8378
25134
8379
25137
8380
25140
8381
25143
8382
25146
8383
25149
8384
25152
8385
25155
8386
25158
8387
25161
8388
25164
8389
25167
8390
25170
8391
25173
8392
25176
8393
25179
8394
25182
8395
25185
8396
25188
8397
25191
8398
25194
8399
25197
8400
25200
8401
25203
8402
25206
8403
25209
8404
25212
8405
25215
8406
25218
8407
25221
8408
25224
8409
25227
8410
25230
8411
25233
8412
25236
8413
25239
8414
25242
8415
25245
8416
25248
8417
25251
8418
25254
8419
25257
8420
25260
8421
25263
8422
25266
8423
25269
8424
25272
8425
25275
8426
25278
8427
25281
8428
25284
8429
25287
8430
25290
8431
25293
8432
25296
8433
25299
8434
25302
8435
25305
8436
25308
8437
25311
8438
25314
8439
25317
8440
25320
8441
25323
8442
25326
8443
25329
8444
25332
8445
25335
8446
25338
8447
25341
8448
25344
8449
25347
8450
25350
8451
25353
8452
25356
8453
25359
8454
25362
8455
25365
8456
25368
8457
25371
8458
25374
8459
25377
8460
25380
8461
25383
8462
25386
8463
25389
8464
25392
8465
25395
8466
25398
8467
25401
8468
25404
8469
25407
8470
25410
8471
25413
8472
25416
8473
25419
8474
25422
8475
25425
8476
25428
8477
25431
8478
25434
8479
25437
8480
25440
8481
25443
8482
25446
8483
25449
8484
25452
8485
25455
8486
25458
8487
25461
8488
25464
8489
25467
8490
25470
8491
25473
8492
25476
8493
25479
8494
25482
8495
25485
8496
25488
8497
25491
8498
25494
8499
25497
8500
25500
8501
25503
8502
25506
8503
25509
8504
25512
8505
25515
8506
25518
8507
25521
8508
25524
8509
25527
8510
25530
8511
25533
8512
25536
8513
25539
8514
25542
8515
25545
8516
25548
8517
25551
8518
25554
8519
25557
8520
25560
8521
25563
8522
25566
8523
25569
8524
25572
8525
25575
8526
25578
8527
25581
8528
25584
8529
25587
8530
25590
8531
25593
8532
25596
8533
25599
8534
25602
8535
25605
8536
25608
8537
25611
8538
25614
8539
25617
8540
25620
8541
25623
8542
25626
8543
25629
8544
25632
8545
25635
8546
25638
8547
25641
8548
25644
8549
25647
8550
25650
8551
25653
8552
25656
8553
25659
8554
25662
8555
25665
8556
25668
8557
25671
8558
25674
8559
25677
8560
25680
8561
25683
8562
25686
8563
25689
8564
25692
8565
25695
8566
25698
8567
25701
8568
25704
8569
25707
8570
25710
8571
25713
8572
25716
8573
25719
8574
25722
8575
25725
8576
25728
8577
25731
8578
25734
8579
25737
8580
25740
8581
25743
8582
25746
8583
25749
8584
25752
8585
25755
8586
25758
8587
25761
8588
25764
8589
25767
8590
25770
8591
25773
8592
25776
8593
25779
8594
25782
8595
25785
8596
25788
8597
25791
8598
25794
8599
25797
8600
25800
8601
25803
8602
25806
8603
25809
8604
25812
8605
25815
8606
25818
8607
25821
8608
25824
8609
25827
8610
25830
8611
25833
8612
25836
8613
25839
8614
25842
8615
25845
8616
25848
8617
25851
8618
25854
8619
25857
8620
25860
8621
25863
8622
25866
8623
25869
8624
25872
8625
25875
8626
25878
8627
25881
8628
25884
8629
25887
8630
25890
8631
25893
8632
25896
8633
25899
8634
25902
8635
25905
8636
25908
8637
25911
8638
25914
8639
25917
8640
25920
8641
25923
8642
25926
8643
25929
8644
25932
8645
25935
8646
25938
8647
25941
8648
25944
8649
25947
8650
25950
8651
25953
8652
25956
8653
25959
8654
25962
8655
25965
8656
25968
8657
25971
8658
25974
8659
25977
8660
25980
8661
25983
8662
25986
8663
25989
8664
25992
8665
25995
8666
25998
8667
26001
8668
26004
8669
26007
8670
26010
8671
26013
8672
26016
8673
26019
8674
26022
8675
26025
8676
26028
8677
26031
8678
26034
8679
26037
8680
26040
8681
26043
8682
26046
8683
26049
8684
26052
8685
26055
8686
26058
8687
26061
8688
26064
8689
26067
8690
26070
8691
26073
8692
26076
8693
26079
8694
26082
8695
26085
8696
26088
8697
26091
8698
26094
8699
26097
8700
26100
8701
26103
8702
26106
8703
26109
8704
26112
8705
26115
8706
26118
8707
26121
8708
26124
8709
26127
8710
26130
8711
26133
8712
26136
8713
26139
8714
26142
8715
26145
8716
26148
8717
26151
8718
26154
8719
26157
8720
26160
8721
26163
8722
26166
8723
26169
8724
26172
8725
26175
8726
26178
8727
26181
8728
26184
8729
26187
8730
26190
8731
26193
8732
26196
8733
26199
8734
26202
8735
26205
8736
26208
8737
26211
8738
26214
8739
26217
8740
26220
8741
26223
8742
26226
8743
26229
8744
26232
8745
26235
8746
26238
8747
26241
8748
26244
8749
26247
8750
26250
8751
26253
8752
26256
8753
26259
8754
26262
8755
26265
8756
26268
8757
26271
8758
26274
8759
26277
8760
26280
8761
26283
8762
26286
8763
26289
8764
26292
8765
26295
8766
26298
8767
26301
8768
26304
8769
26307
8770
26310
8771
26313
8772
26316
8773
26319
8774
26322
8775
26325
8776
26328
8777
26331
8778
26334
8779
26337
8780
26340
8781
26343
8782
26346
8783
26349
8784
26352
8785
26355
8786
26358
8787
26361
8788
26364
8789
26367
8790
26370
8791
26373
8792
26376
8793
26379
8794
26382
8795
26385
8796
26388
8797
26391
8798
26394
8799
26397
8800
26400
8801
26403
8802
26406
8803
26409
8804
26412
8805
26415
8806
26418
8807
26421
8808
26424
8809
26427
8810
26430
8811
26433
8812
26436
8813
26439
8814
26442
8815
26445
8816
26448
8817
26451
8818
26454
8819
26457
8820
26460
8821
26463
8822
26466
8823
26469
8824
26472
8825
26475
8826
26478
8827
26481
8828
26484
8829
26487
8830
26490
8831
26493
8832
26496
8833
26499
8834
26502
8835
26505
8836
26508
8837
26511
8838
26514
8839
26517
8840
26520
8841
26523
8842
26526
8843
26529
8844
26532
8845
26535
8846
26538
8847
26541
8848
26544
8849
26547
8850
26550
8851
26553
8852
26556
8853
26559
8854
26562
8855
26565
8856
26568
8857
26571
8858
26574
8859
26577
8860
26580
8861
26583
8862
26586
8863
26589
8864
26592
8865
26595
8866
26598
8867
26601
8868
26604
8869
26607
8870
26610
8871
26613
8872
26616
8873
26619
8874
26622
8875
26625
8876
26628
8877
26631
8878
26634
8879
26637
8880
26640
8881
26643
8882
26646
8883
26649
8884
26652
8885
26655
8886
26658
8887
26661
8888
26664
8889
26667
8890
26670
8891
26673
8892
26676
8893
26679
8894
26682
8895
26685
8896
26688
8897
26691
8898
26694
8899
26697
8900
26700
8901
26703
8902
26706
8903
26709
8904
26712
8905
26715
8906
26718
8907
26721
8908
26724
8909
26727
8910
26730
8911
26733
8912
26736
8913
26739
8914
26742
8915
26745
8916
26748
8917
26751
8918
26754
8919
26757
8920
26760
8921
26763
8922
26766
8923
26769
8924
26772
8925
26775
8926
26778
8927
26781
8928
26784
8929
26787
8930
26790
8931
26793
8932
26796
8933
26799
8934
26802
8935
26805
8936
26808
8937
26811
8938
26814
8939
26817
8940
26820
8941
26823
8942
26826
8943
26829
8944
26832
8945
26835
8946
26838
8947
26841
8948
26844
8949
26847
8950
26850
8951
26853
8952
26856
8953
26859
8954
26862
8955
26865
8956
26868
8957
26871
8958
26874
8959
26877
8960
26880
8961
26883
8962
26886
8963
26889
8964
26892
8965
26895
8966
26898
8967
26901
8968
26904
8969
26907
8970
26910
8971
26913
8972
26916
8973
26919
8974
26922
8975
26925
8976
26928
8977
26931
8978
26934
8979
26937
8980
26940
8981
26943
8982
26946
8983
26949
8984
26952
8985
26955
8986
26958
8987
26961
8988
26964
8989
26967
8990
26970
8991
26973
8992
26976
8993
26979
8994
26982
8995
26985
8996
26988
8997
26991
8998
26994
8999
26997
9000
27000
9001
27003
9002
27006
9003
27009
9004
27012
9005
27015
9006
27018
9007
27021
9008
27024
9009
27027
9010
27030
9011
27033
9012
27036
9013
27039
9014
27042
9015
27045
9016
27048
9017
27051
9018
27054
9019
27057
9020
27060
9021
27063
9022
27066
9023
27069
9024
27072
9025
27075
9026
27078
9027
27081
9028
27084
9029
27087
9030
27090
9031
27093
9032
27096
9033
27099
9034
27102
9035
27105
9036
27108
9037
27111
9038
27114
9039
27117
9040
27120
9041
27123
9042
27126
9043
27129
9044
27132
9045
27135
9046
27138
9047
27141
9048
27144
9049
27147
9050
27150
9051
27153
9052
27156
9053
27159
9054
27162
9055
27165
9056
27168
9057
27171
9058
27174
9059
27177
9060
27180
9061
27183
9062
27186
9063
27189
9064
27192
9065
27195
9066
27198
9067
27201
9068
27204
9069
27207
9070
27210
9071
27213
9072
27216
9073
27219
9074
27222
9075
27225
9076
27228
9077
27231
9078
27234
9079
27237
9080
27240
9081
27243
9082
27246
9083
27249
9084
27252
9085
27255
9086
27258
9087
27261
9088
27264
9089
27267
9090
27270
9091
27273
9092
27276
9093
27279
9094
27282
9095
27285
9096
27288
9097
27291
9098
27294
9099
27297
9100
27300
9101
27303
9102
27306
9103
27309
9104
27312
9105
27315
9106
27318
9107
27321
9108
27324
9109
27327
9110
27330
9111
27333
9112
27336
9113
27339
9114
27342
9115
27345
9116
27348
9117
27351
9118
27354
9119
27357
9120
27360
9121
27363
9122
27366
9123
27369
9124
27372
9125
27375
9126
27378
9127
27381
9128
27384
9129
27387
9130
27390
9131
27393
9132
27396
9133
27399
9134
27402
9135
27405
9136
27408
9137
27411
9138
27414
9139
27417
9140
27420
9141
27423
9142
27426
9143
27429
9144
27432
9145
27435
9146
27438
9147
27441
9148
27444
9149
27447
9150
27450
9151
27453
9152
27456
9153
27459
9154
27462
9155
27465
9156
27468
9157
27471
9158
27474
9159
27477
9160
27480
9161
27483
9162
27486
9163
27489
9164
27492
9165
27495
9166
27498
9167
27501
9168
27504
9169
27507
9170
27510
9171
27513
9172
27516
9173
27519
9174
27522
9175
27525
9176
27528
9177
27531
9178
27534
9179
27537
9180
27540
9181
27543
9182
27546
9183
27549
9184
27552
9185
27555
9186
27558
9187
27561
9188
27564
9189
27567
9190
27570
9191
27573
9192
27576
9193
27579
9194
27582
9195
27585
9196
27588
9197
27591
9198
27594
9199
27597
9200
27600
9201
27603
9202
27606
9203
27609
9204
27612
9205
27615
9206
27618
9207
27621
9208
27624
9209
27627
9210
27630
9211
27633
9212
27636
9213
27639
9214
27642
9215
27645
9216
27648
9217
27651
9218
27654
9219
27657
9220
27660
9221
27663
9222
27666
9223
27669
9224
27672
9225
27675
9226
27678
9227
27681
9228
27684
9229
27687
9230
27690
9231
27693
9232
27696
9233
27699
9234
27702
9235
27705
9236
27708
9237
27711
9238
27714
9239
27717
9240
27720
9241
27723
9242
27726
9243
27729
9244
27732
9245
27735
9246
27738
9247
27741
9248
27744
9249
27747
9250
27750
9251
27753
9252
27756
9253
27759
9254
27762
9255
27765
9256
27768
9257
27771
9258
27774
9259
27777
9260
27780
9261
27783
9262
27786
9263
27789
9264
27792
9265
27795
9266
27798
9267
27801
9268
27804
9269
27807
9270
27810
9271
27813
9272
27816
9273
27819
9274
27822
9275
27825
9276
27828
9277
27831
9278
27834
9279
27837
9280
27840
9281
27843
9282
27846
9283
27849
9284
27852
9285
27855
9286
27858
9287
27861
9288
27864
9289
27867
9290
27870
9291
27873
9292
27876
9293
27879
9294
27882
9295
27885
9296
27888
9297
27891
9298
27894
9299
27897
9300
27900
9301
27903
9302
27906
9303
27909
9304
27912
9305
27915
9306
27918
9307
27921
9308
27924
9309
27927
9310
27930
9311
27933
9312
27936
9313
27939
9314
27942
9315
27945
9316
27948
9317
27951
9318
27954
9319
27957
9320
27960
9321
27963
9322
27966
9323
27969
9324
27972
9325
27975
9326
27978
9327
27981
9328
27984
9329
27987
9330
27990
9331
27993
9332
27996
9333
27999
9334
28002
9335
28005
9336
28008
9337
28011
9338
28014
9339
28017
9340
28020
9341
28023
9342
28026
9343
28029
9344
28032
9345
28035
9346
28038
9347
28041
9348
28044
9349
28047
9350
28050
9351
28053
9352
28056
9353
28059
9354
28062
9355
28065
9356
28068
9357
28071
9358
28074
9359
28077
9360
28080
9361
28083
9362
28086
9363
28089
9364
28092
9365
28095
9366
28098
9367
28101
9368
28104
9369
28107
9370
28110
9371
28113
9372
28116
9373
28119
9374
28122
9375
28125
9376
28128
9377
28131
9378
28134
9379
28137
9380
28140
9381
28143
9382
28146
9383
28149
9384
28152
9385
28155
9386
28158
9387
28161
9388
28164
9389
28167
9390
28170
9391
28173
9392
28176
9393
28179
9394
28182
9395
28185
9396
28188
9397
28191
9398
28194
9399
28197
9400
28200
9401
28203
9402
28206
9403
28209
9404
28212
9405
28215
9406
28218
9407
28221
9408
28224
9409
28227
9410
28230
9411
28233
9412
28236
9413
28239
9414
28242
9415
28245
9416
28248
9417
28251
9418
28254
9419
28257
9420
28260
9421
28263
9422
28266
9423
28269
9424
28272
9425
28275
9426
28278
9427
28281
9428
28284
9429
28287
9430
28290
9431
28293
9432
28296
9433
28299
9434
28302
9435
28305
9436
28308
9437
28311
9438
28314
9439
28317
9440
28320
9441
28323
9442
28326
9443
28329
9444
28332
9445
28335
9446
28338
9447
28341
9448
28344
9449
28347
9450
28350
9451
28353
9452
28356
9453
28359
9454
28362
9455
28365
9456
28368
9457
28371
9458
28374
9459
28377
9460
28380
9461
28383
9462
28386
9463
28389
9464
28392
9465
28395
9466
28398
9467
28401
9468
28404
9469
28407
9470
28410
9471
28413
9472
28416
9473
28419
9474
28422
9475
28425
9476
28428
9477
28431
9478
28434
9479
28437
9480
28440
9481
28443
9482
28446
9483
28449
9484
28452
9485
28455
9486
28458
9487
28461
9488
28464
9489
28467
9490
28470
9491
28473
9492
28476
9493
28479
9494
28482
9495
28485
9496
28488
9497
28491
9498
28494
9499
28497
9500
28500
9501
28503
9502
28506
9503
28509
9504
28512
9505
28515
9506
28518
9507
28521
9508
28524
9509
28527
9510
28530
9511
28533
9512
28536
9513
28539
9514
28542
9515
28545
9516
28548
9517
28551
9518
28554
9519
28557
9520
28560
9521
28563
9522
28566
9523
28569
9524
28572
9525
28575
9526
28578
9527
28581
9528
28584
9529
28587
9530
28590
9531
28593
9532
28596
9533
28599
9534
28602
9535
28605
9536
28608
9537
28611
9538
28614
9539
28617
9540
28620
9541
28623
9542
28626
9543
28629
9544
28632
9545
28635
9546
28638
9547
28641
9548
28644
9549
28647
9550
28650
9551
28653
9552
28656
9553
28659
9554
28662
9555
28665
9556
28668
9557
28671
9558
28674
9559
28677
9560
28680
9561
28683
9562
28686
9563
28689
9564
28692
9565
28695
9566
28698
9567
28701
9568
28704
9569
28707
9570
28710
9571
28713
9572
28716
9573
28719
9574
28722
9575
28725
9576
28728
9577
28731
9578
28734
9579
28737
9580
28740
9581
28743
9582
28746
9583
28749
9584
28752
9585
28755
9586
28758
9587
28761
9588
28764
9589
28767
9590
28770
9591
28773
9592
28776
9593
28779
9594
28782
9595
28785
9596
28788
9597
28791
9598
28794
9599
28797
9600
28800
9601
28803
9602
28806
9603
28809
9604
28812
9605
28815
9606
28818
9607
28821
9608
28824
9609
28827
9610
28830
9611
28833
9612
28836
9613
28839
9614
28842
9615
28845
9616
28848
9617
28851
9618
28854
9619
28857
9620
28860
9621
28863
9622
28866
9623
28869
9624
28872
9625
28875
9626
28878
9627
28881
9628
28884
9629
28887
9630
28890
9631
28893
9632
28896
9633
28899
9634
28902
9635
28905
9636
28908
9637
28911
9638
28914
9639
28917
9640
28920
9641
28923
9642
28926
9643
28929
9644
28932
9645
28935
9646
28938
9647
28941
9648
28944
9649
28947
9650
28950
9651
28953
9652
28956
9653
28959
9654
28962
9655
28965
9656
28968
9657
28971
9658
28974
9659
28977
9660
28980
9661
28983
9662
28986
9663
28989
9664
28992
9665
28995
9666
28998
9667
29001
9668
29004
9669
29007
9670
29010
9671
29013
9672
29016
9673
29019
9674
29022
9675
29025
9676
29028
9677
29031
9678
29034
9679
29037
9680
29040
9681
29043
9682
29046
9683
29049
9684
29052
9685
29055
9686
29058
9687
29061
9688
29064
9689
29067
9690
29070
9691
29073
9692
29076
9693
29079
9694
29082
9695
29085
9696
29088
9697
29091
9698
29094
9699
29097
9700
29100
9701
29103
9702
29106
9703
29109
9704
29112
9705
29115
9706
29118
9707
29121
9708
29124
9709
29127
9710
29130
9711
29133
9712
29136
9713
29139
9714
29142
9715
29145
9716
29148
9717
29151
9718
29154
9719
29157
9720
29160
9721
29163
9722
29166
9723
29169
9724
29172
9725
29175
9726
29178
9727
29181
9728
29184
9729
29187
9730
29190
9731
29193
9732
29196
9733
29199
9734
29202
9735
29205
9736
29208
9737
29211
9738
29214
9739
29217
9740
29220
9741
29223
9742
29226
9743
29229
9744
29232
9745
29235
9746
29238
9747
29241
9748
29244
9749
29247
9750
29250
9751
29253
9752
29256
9753
29259
9754
29262
9755
29265
9756
29268
9757
29271
9758
29274
9759
29277
9760
29280
9761
29283
9762
29286
9763
29289
9764
29292
9765
29295
9766
29298
9767
29301
9768
29304
9769
29307
9770
29310
9771
29313
9772
29316
9773
29319
9774
29322
9775
29325
9776
29328
9777
29331
9778
29334
9779
29337
9780
29340
9781
29343
9782
29346
9783
29349
9784
29352
9785
29355
9786
29358
9787
29361
9788
29364
9789
29367
9790
29370
9791
29373
9792
29376
9793
29379
9794
29382
9795
29385
9796
29388
9797
29391
9798
29394
9799
29397
9800
29400
9801
29403
9802
29406
9803
29409
9804
29412
9805
29415
9806
29418
9807
29421
9808
29424
9809
29427
9810
29430
9811
29433
9812
29436
9813
29439
9814
29442
9815
29445
9816
29448
9817
29451
9818
29454
9819
29457
9820
29460
9821
29463
9822
29466
9823
29469
9824
29472
9825
29475
9826
29478
9827
29481
9828
29484
9829
29487
9830
29490
9831
29493
9832
29496
9833
29499
9834
29502
9835
29505
9836
29508
9837
29511
9838
29514
9839
29517
9840
29520
9841
29523
9842
29526
9843
29529
9844
29532
9845
29535
9846
29538
9847
29541
9848
29544
9849
29547
9850
29550
9851
29553
9852
29556
9853
29559
9854
29562
9855
29565
9856
29568
9857
29571
9858
29574
9859
29577
9860
29580
9861
29583
9862
29586
9863
29589
9864
29592
9865
29595
9866
29598
9867
29601
9868
29604
9869
29607
9870
29610
9871
29613
9872
29616
9873
29619
9874
29622
9875
29625
9876
29628
9877
29631
9878
29634
9879
29637
9880
29640
9881
29643
9882
29646
9883
29649
9884
29652
9885
29655
9886
29658
9887
29661
9888
29664
9889
29667
9890
29670
9891
29673
9892
29676
9893
29679
9894
29682
9895
29685
9896
29688
9897
29691
9898
29694
9899
29697
9900
29700
9901
29703
9902
29706
9903
29709
9904
29712
9905
29715
9906
29718
9907
29721
9908
29724
9909
29727
9910
29730
9911
29733
9912
29736
9913
29739
9914
29742
9915
29745
9916
29748
9917
29751
9918
29754
9919
29757
9920
29760
9921
29763
9922
29766
9923
29769
9924
29772
9925
29775
9926
29778
9927
29781
9928
29784
9929
29787
9930
29790
9931
29793
9932
29796
9933
29799
9934
29802
9935
29805
9936
29808
9937
29811
9938
29814
9939
29817
9940
29820
9941
29823
9942
29826
9943
29829
9944
29832
9945
29835
9946
29838
9947
29841
9948
29844
9949
29847
9950
29850
9951
29853
9952
29856
9953
29859
9954
29862
9955
29865
9956
29868
9957
29871
9958
29874
9959
29877
9960
29880
9961
29883
9962
29886
9963
29889
9964
29892
9965
29895
9966
29898
9967
29901
9968
29904
9969
29907
9970
29910
9971
29913
9972
29916
9973
29919
9974
29922
9975
29925
9976
29928
9977
29931
9978
29934
9979
29937
9980
29940
9981
29943
9982
29946
9983
29949
9984
29952
9985
29955
9986
29958
9987
29961
9988
29964
9989
29967
9990
29970
9991
29973
9992
29976
9993
29979
9994
29982
9995
29985
9996
29988
9997
29991
9998
29994
9999
29997
10000
30000
10001
30003
10002
30006
10003
30009
10004
30012
10005
30015
10006
30018
10007
30021
10008
30024
10009
30027
10010
30030
10011
30033
10012
30036
10013
30039
10014
30042
10015
30045
10016
30048
10017
30051
10018
30054
10019
30057
10020
30060
10021
30063
10022
30066
10023
30069
10024
30072
10025
30075
10026
30078
10027
30081
10028
30084
10029
30087
10030
30090
10031
30093
10032
30096
10033
30099
10034
30102
10035
30105
10036
30108
10037
30111
10038
30114
10039
30117
10040
30120
10041
30123
10042
30126
10043
30129
10044
30132
10045
30135
10046
30138
10047
30141
10048
30144
10049
30147
10050
30150
10051
30153
10052
30156
10053
30159
10054
30162
10055
30165
10056
30168
10057
30171
10058
30174
10059
30177
10060
30180
10061
30183
10062
30186
10063
30189
10064
30192
10065
30195
10066
30198
10067
30201
10068
30204
10069
30207
10070
30210
10071
30213
10072
30216
10073
30219
10074
30222
10075
30225
10076
30228
10077
30231
10078
30234
10079
30237
10080
30240
10081
30243
10082
30246
10083
30249
10084
30252
10085
30255
10086
30258
10087
30261
10088
30264
10089
30267
10090
30270
10091
30273
10092
30276
10093
30279
10094
30282
10095
30285
10096
30288
10097
30291
10098
30294
10099
30297
10100
30300
10101
30303
10102
30306
10103
30309
10104
30312
10105
30315
10106
30318
10107
30321
10108
30324
10109
30327
10110
30330
10111
30333
10112
30336
10113
30339
10114
30342
10115
30345
10116
30348
10117
30351
10118
30354
10119
30357
10120
30360
10121
30363
10122
30366
10123
30369
10124
30372
10125
30375
10126
30378
10127
30381
10128
30384
10129
30387
10130
30390
10131
30393
10132
30396
10133
30399
10134
30402
10135
30405
10136
30408
10137
30411
10138
30414
10139
30417
10140
30420
10141
30423
10142
30426
10143
30429
10144
30432
10145
30435
10146
30438
10147
30441
10148
30444
10149
30447
10150
30450
10151
30453
10152
30456
10153
30459
10154
30462
10155
30465
10156
30468
10157
30471
10158
30474
10159
30477
10160
30480
10161
30483
10162
30486
10163
30489
10164
30492
10165
30495
10166
30498
10167
30501
10168
30504
10169
30507
10170
30510
10171
30513
10172
30516
10173
30519
10174
30522
10175
30525
10176
30528
10177
30531
10178
30534
10179
30537
10180
30540
10181
30543
10182
30546
10183
30549
10184
30552
10185
30555
10186
30558
10187
30561
10188
30564
10189
30567
10190
30570
10191
30573
10192
30576
10193
30579
10194
30582
10195
30585
10196
30588
10197
30591
10198
30594
10199
30597
10200
30600
10201
30603
10202
30606
10203
30609
10204
30612
10205
30615
10206
30618
10207
30621
